pmcid,journal,year,doi,license,kept_abstract,kept_intro,kept_disc,w_abstract,w_intro,w_disc,in_seeds,abstract_structured,title
PMC9118791,Journal of Translational Medicine,2022,10.1186/s12967-022-03431-6,by,1,1,1,260,377,886,1,1,"Bulk and single-cell transcriptome profiling reveal necroptosis-based molecular classification, tumor microenvironment i"
PMC7981912,Journal of Translational Medicine,2021,10.1186/s12967-021-02779-5,by,1,1,1,136,506,332,0,1,"MBTPS2, a membrane bound protease, underlying several distinct skin and bone disorders"
PMC7673099,Journal of Translational Medicine,2020,10.1186/s12967-020-02605-4,by,1,1,1,283,641,772,1,1,Comparative analysis of adeno-associated virus serotypes for gene transfer in organotypic heart slices
PMC8164791,Journal of Translational Medicine,2021,10.1186/s12967-021-02904-4,by,1,1,1,236,487,636,1,0,Association of ADH1B polymorphism and alcohol consumption with increased risk of intracerebral hemorrhagic stroke
PMC8895817,Journal of Translational Medicine,2022,10.1186/s12967-022-03314-w,by,1,1,1,252,474,1085,1,0,"LPL, FNDC5 and PPARγ gene polymorphisms related to body composition parameters and lipid metabolic profile in adolescent"
PMC8074508,Journal of Translational Medicine,2021,10.1186/s12967-021-02852-z,by,0,0,0,0,0,0,0,0,Retraction Note to: Intra-articular injection in the knee of adipose derived stromal cells (stromal vascular fraction) a
PMC8900092,Journal of Translational Medicine,2022,10.1186/s12967-022-03310-0,by,0,0,0,0,0,0,0,0,Poor oral health may prolong COVID-19 illness
PMC8052819,Journal of Translational Medicine,2021,10.1186/s12967-021-02822-5,by,1,1,0,173,466,0,0,1,Chemokines and their receptors: predictors of the therapeutic potential of mesenchymal stromal cells
PMC8881869,Journal of Translational Medicine,2022,10.1186/s12967-022-03303-z,by,1,1,1,233,258,755,1,1,FK506 and Lactobacillus acidophilus ameliorate acute graft-versus-host disease by modulating the T helper 17/regulatory 
PMC7887792,Journal of Translational Medicine,2021,10.1186/s12967-021-02747-z,by,1,1,1,148,363,142,0,0,Translational research in Uganda: linking basic science to bedside medicine in a resource limited setting
PMC8348860,Journal of Translational Medicine,2021,10.1186/s12967-021-03003-0,by,1,1,1,304,485,906,1,1,BCL7A as a novel prognostic biomarker for glioma patients
PMC8650321,Journal of Translational Medicine,2021,10.1186/s12967-021-03166-w,by,1,1,1,250,445,1135,1,0,"Relations of physical signs to genotype, lipid and inflammatory markers, coronary stenosis or calcification, and outcome"
PMC7528376,Journal of Translational Medicine,2020,10.1186/s12967-020-02546-y,by,1,1,1,230,349,760,1,0,Prognostic utility of lipoprotein(a) combined with fibrinogen in patients with stable coronary artery disease: a prospec
PMC9134706,Journal of Translational Medicine,2022,10.1186/s12967-022-03449-w,by,1,1,1,210,388,720,1,0,DLEU1 promotes cell survival by preventing DYNLL1 degradation in esophageal squamous cell carcinoma
PMC7852290,Journal of Translational Medicine,2021,10.1186/s12967-021-02716-6,by,1,1,1,251,406,1275,1,0,The potential role of chemotaxis and the complement system in the formation and progression of thoracic aortic aneurysms
PMC7664034,Journal of Translational Medicine,2020,10.1186/s12967-020-02611-6,by,1,1,1,283,915,958,1,1,Putative positive role of inflammatory genes in fat deposition supported by altered gene expression in purified human ad
PMC8274020,Journal of Translational Medicine,2021,10.1186/s12967-021-02975-3,by,1,1,1,289,558,989,1,1,Weekly chemotherapy as first line treatment in frail head and neck cancer patients in the immunotherapy era
PMC9171988,Journal of Translational Medicine,2022,10.1186/s12967-022-03457-w,by,1,1,1,309,439,772,1,0,Junctional adhesion molecule-like protein promotes tumor progression via the Wnt/β-catenin signaling pathway in lung ade
PMC8686655,Journal of Translational Medicine,2021,10.1186/s12967-021-03189-3,by,1,1,1,319,825,928,1,0,Development of an ultra-sensitive human IL-33 biomarker assay for age-related macular degeneration and asthma drug devel
PMC8237471,Journal of Translational Medicine,2021,10.1186/s12967-021-02929-9,by,0,0,0,0,0,0,0,0,The appropriate division of data in training of computers to predict physicians’ decision on blood transfusions: a reply
PMC8650266,Journal of Translational Medicine,2021,10.1186/s12967-021-03170-0,by,1,1,1,146,309,1155,1,0,Nationwide epidemiological characteristics of chronic fatigue syndrome in South Korea
PMC8401202,Journal of Translational Medicine,2021,10.1186/s12967-021-03035-6,by,1,1,1,354,637,1274,1,0,"Sex-specific plasma lipid profiles of ME/CFS patients and their association with pain, fatigue, and cognitive symptoms"
PMC8842912,Journal of Translational Medicine,2022,10.1186/s12967-022-03282-1,by,1,1,1,199,678,841,1,1,The POR rs10954732 polymorphism decreases susceptibility to hepatocellular carcinoma and hepsin as a prognostic biomarke
PMC9107211,Journal of Translational Medicine,2022,10.1186/s12967-022-03429-0,by,1,1,1,256,478,1433,1,0,Incidence and immunomic features of apyretic COVID-19 in patients affected by solid tumors: a prospective cohort study
PMC8600732,Journal of Translational Medicine,2021,10.1186/s12967-021-03138-0,by,1,1,1,343,684,939,1,1,Identification of the regulatory role of lncRNA HCG18 in myasthenia gravis by integrated bioinformatics and experimental
PMC9092689,Journal of Translational Medicine,2022,10.1186/s12967-022-03404-9,by,1,1,1,261,538,969,1,1,Hsa_circ_0000497 and hsa_circ_0000918 contributed to peritoneal metastasis of ovarian cancer via ascites
PMC8626906,Journal of Translational Medicine,2021,10.1186/s12967-021-03113-9,by,1,1,1,251,391,1132,1,0,The tumor immune microenvironment of primary and metastatic HER2− positive breast cancers utilizing gene expression and 
PMC8365912,Journal of Translational Medicine,2021,10.1186/s12967-021-03032-9,by,1,1,1,339,730,1763,1,1,Urinary metabolomic changes and microbiotic alterations in presenilin1/2 conditional double knockout mice
PMC8961484,Journal of Translational Medicine,2022,10.1186/s12967-022-03332-8,by,1,1,1,297,643,863,1,0,Mass spectrometric study of variation in kinin peptide profiles in nasal fluids and plasma of adult healthy individuals
PMC8361655,Journal of Translational Medicine,2021,10.1186/s12967-021-03025-8,by,1,1,1,266,603,688,1,1,Multi-omics network characterization reveals novel microRNA biomarkers and mechanisms for diagnosis and subtyping of kid
PMC8818176,Journal of Translational Medicine,2022,10.1186/s12967-022-03278-x,by,1,1,1,280,409,987,1,0,Characteristics of the sputum microbiome in COPD exacerbations and correlations between clinical indices
PMC8513237,Journal of Translational Medicine,2021,10.1186/s12967-021-03100-0,by,1,1,1,273,347,718,1,1,Downregulation of the FBXO43 gene inhibits tumor growth in human breast cancer by limiting its interaction with PCNA
PMC8454155,Journal of Translational Medicine,2021,10.1186/s12967-021-03070-3,by,1,1,1,217,730,1036,1,0,"CYT387, a potent IKBKE inhibitor, suppresses human glioblastoma progression by activating the Hippo pathway"
PMC8351447,Journal of Translational Medicine,2021,10.1186/s12967-021-03016-9,by,1,1,1,203,350,884,1,1,Inhibition of microsomal prostaglandin E synthase-1 ameliorates acute lung injury in mice
PMC8254928,Journal of Translational Medicine,2021,10.1186/s12967-021-02942-y,by,1,1,1,204,429,768,1,1,An easy-to-operate web-based calculator for predicting the progression of chronic kidney disease
PMC7913412,Journal of Translational Medicine,2021,10.1186/s12967-021-02757-x,by,1,1,1,158,358,407,1,1,Identification and characterization of heteroclitic peptides in TCR-binding positions with improved HLA-binding efficacy
PMC7579884,Journal of Translational Medicine,2020,10.1186/s12967-020-02567-7,by,1,1,1,184,492,889,1,0,Hypoxia directed migration of human naïve monocytes is associated with an attenuation of cytokine release: indications f
PMC9125345,Journal of Translational Medicine,2022,10.1186/s12967-022-03444-1,by,1,1,1,215,467,970,1,1,Lymphocytes in tumor-draining lymph nodes co-cultured with autologous tumor cells for adoptive cell therapy
PMC8259336,Journal of Translational Medicine,2021,10.1186/s12967-021-02935-x,by,1,1,1,143,203,211,0,0,Heart failure with preserved ejection fraction based on aging and comorbidities
PMC7507616,Journal of Translational Medicine,2020,10.1186/s12967-020-02527-1,by,1,1,1,221,404,901,1,0,Development and validation of a cancer stem cell-related signature for prognostic prediction in pancreatic ductal adenoc
PMC7941911,Journal of Translational Medicine,2021,10.1186/s12967-021-02769-7,by,1,1,1,266,686,657,1,0,LncRNA-Gm9795 promotes inflammation in non-alcoholic steatohepatitis via NF-B/JNK pathway by endoplasmic reticulum stres
PMC7879505,Journal of Translational Medicine,2021,10.1186/s12967-021-02728-2,by,0,0,0,0,0,0,0,0,Correction to: Identification of key biomarkers and immune infiltration in systemic lupus erythematosus by integrated bi
PMC8734283,Journal of Translational Medicine,2022,10.1186/s12967-021-03187-5,by,1,1,1,191,406,468,1,1,Bacterial infections exacerbate myeloma bone disease
PMC8254245,Journal of Translational Medicine,2021,10.1186/s12967-021-02948-6,by,1,1,1,256,794,1298,1,1,ALKBH3 partner ASCC3 mediates P-body formation and selective clearance of MMS-induced 1-methyladenosine and 3-methylcyto
PMC8380343,Journal of Translational Medicine,2021,10.1186/s12967-021-03031-w,by,1,1,1,249,659,927,1,1,"Integrative analysis and experiments to explore angiogenesis regulators correlated with poor prognosis, immune infiltrat"
PMC7922722,Journal of Translational Medicine,2021,10.1186/s12967-021-02762-0,by,0,0,0,0,0,0,0,0,Could asymptomatic carriers spread the SARS-CoV-2 infection? Experience from the Italian second wave
PMC7509824,Journal of Translational Medicine,2020,10.1186/s12967-020-02535-1,by,1,1,1,313,442,1117,1,0,A persistently replicating SARS-CoV-2 variant derived from an asymptomatic individual
PMC8793227,Journal of Translational Medicine,2022,10.1186/s12967-022-03242-9,by,1,1,1,285,430,735,1,1,Polygenic risk and causal inference of psychiatric comorbidity in inflammatory bowel disease among patients with Europea
PMC8173848,Journal of Translational Medicine,2021,10.1186/s12967-021-02897-0,by,0,0,0,0,0,0,0,0,Vitamin D association with coagulation factors in polycystic ovary syndrome is dependent upon body mass index
PMC7602761,Journal of Translational Medicine,2020,10.1186/s12967-020-02582-8,by,1,1,1,146,207,231,0,0,Noncoding RNAs implication in cardiovascular diseases in the COVID-19 era
PMC7959273,Journal of Translational Medicine,2021,10.1186/s12967-021-02782-w,by,0,0,0,0,0,0,0,0,Correction to: COVID-19 biomarkers for severity mapped to polycystic ovary syndrome
PMC8351323,Journal of Translational Medicine,2021,10.1186/s12967-021-03004-z,by,1,1,1,255,439,544,1,0,Bcl-2-associated transcription factor 1 Ser290 phosphorylation mediates DNA damage response and regulates radiosensitivi
PMC8785515,Journal of Translational Medicine,2022,10.1186/s12967-022-03243-8,by,1,1,1,266,843,742,1,0,Identifying CCR5 coreceptor populations permissive for HIV-1 entry and productive infection: implications for in vivo st
PMC8351407,Journal of Translational Medicine,2021,10.1186/s12967-021-02988-y,by,0,0,0,0,0,0,0,0,Correction to: Anti-migraine agents from an immunological point of view
PMC7753500,Journal of Translational Medicine,2020,10.1186/s12967-020-02669-2,by,0,0,0,0,0,0,0,0,COVID-19 biomarkers for severity mapped to polycystic ovary syndrome
PMC8819945,Molecular Cancer,2022,10.1186/s12943-022-01517-9,by,1,1,1,310,389,677,1,1,Targeting HNRNPU to overcome cisplatin resistance in bladder cancer
PMC6341551,Molecular Cancer,2019,10.1186/s12943-018-0927-5,by,1,1,1,185,6018,156,0,0,Tumor-stromal crosstalk in pancreatic cancer and tissue fibrosis
PMC9137087,Molecular Cancer,2022,10.1186/s12943-022-01581-1,by,1,1,1,358,438,893,1,0,"AP4 suppresses DNA damage, chromosomal instability and senescence via inducing MDC1/Mediator of DNA damage Checkpoint 1 "
PMC6054842,Molecular Cancer,2018,10.1186/s12943-018-0847-4,by,1,1,1,177,2941,246,0,1,Novel insights on m6A RNA methylation in tumorigenesis: a double-edged sword
PMC9245290,Molecular Cancer,2022,10.1186/s12943-022-01608-7,by,1,1,1,209,457,914,1,0,CircEZH2/miR-133b/IGF2BP2 aggravates colorectal cancer progression via enhancing the stability of m6A-modified CREB1 mRN
PMC8393817,Molecular Cancer,2021,10.1186/s12943-021-01402-x,by,0,0,0,0,0,0,0,0,"Retraction Note to: Loss of PDEF, a prostate-derived Ets factor is associated with aggressive phenotype of prostate canc"
PMC6251205,Molecular Cancer,2018,10.1186/s12943-018-0915-9,by,1,1,0,232,5501,116,0,0,BRD4 and Cancer: going beyond transcriptional regulation
PMC8862474,Molecular Cancer,2022,10.1186/s12943-022-01516-w,by,1,1,1,327,596,1302,1,1,BCL-2 expression promotes immunosuppression in chronic lymphocytic leukemia by enhancing regulatory T cell differentiati
PMC6681480,Molecular Cancer,2019,10.1186/s12943-019-1050-y,by,0,0,0,0,0,0,0,0,Correction to: Circular RNA profiling and its potential for esophageal squamous cell cancer diagnosis and prognosis
PMC6389063,Molecular Cancer,2018,10.1186/s12943-018-0817-x,by,1,0,0,227,0,81,1,1,Exosomal long noncoding RNA HOTTIP as potential novel diagnostic and prognostic biomarker test for gastric cancer
PMC5998602,Molecular Cancer,2018,10.1186/s12943-018-0843-8,by,1,1,1,210,335,800,1,0,Long noncoding RNA HULC accelerates liver cancer by inhibiting PTEN via autophagy cooperation to miR15a
PMC6399986,Molecular Cancer,2019,10.1186/s12943-019-0987-1,by,1,0,0,230,0,117,1,1,Tumor endothelial cell-derived cadherin-2 promotes angiogenesis and has prognostic significance for lung adenocarcinoma
PMC8194022,Molecular Cancer,2021,10.1186/s12943-021-01385-9,by,0,0,0,0,0,0,0,0,Correction to: Activation of LncRNA TINCR by H3K27 acetylation promotes Trastuzumab resistance and epithelial-mesenchyma
PMC6046102,Molecular Cancer,2018,10.1186/s12943-018-0850-9,by,1,1,1,157,277,163,0,0,Therapeutic landscape in mutational triple negative breast cancer
PMC8917773,Molecular Cancer,2022,10.1186/s12943-022-01553-5,by,1,0,1,334,0,127,1,1,Tumorigenic circulating tumor cells from xenograft mouse models of non-metastatic NSCLC patients reveal distinct single 
PMC8424912,Molecular Cancer,2021,10.1186/s12943-021-01412-9,by,1,1,1,343,433,1031,1,1,CircMYH9 drives colorectal cancer growth by regulating serine metabolism and redox homeostasis in a p53-dependent manner
PMC7824946,Molecular Cancer,2021,10.1186/s12943-021-01315-9,by,1,0,0,218,0,0,0,1,PARP inhibitor Olaparib overcomes Sorafenib resistance through reshaping the pluripotent transcriptome in hepatocellular
PMC7780621,Molecular Cancer,2021,10.1186/s12943-020-01294-3,by,1,1,1,229,640,331,0,1,Cytokine-chemokine network driven metastasis in esophageal cancer; promising avenue for targeted therapy
PMC7513516,Molecular Cancer,2020,10.1186/s12943-020-01258-7,by,1,1,1,144,330,327,0,0,Targeting STAT3 in Cancer Immunotherapy
PMC6056913,Molecular Cancer,2018,10.1186/s12943-018-0852-7,by,1,1,1,147,7779,348,0,0,Pathological bases and clinical impact of long noncoding RNAs in prostate cancer: a new budding star
PMC6921542,Molecular Cancer,2019,10.1186/s12943-019-1106-z,by,1,1,1,254,477,678,1,1,KIAA1429 contributes to liver cancer progression through N6-methyladenosine-dependent post-transcriptional modification 
PMC6724331,Molecular Cancer,2019,10.1186/s12943-019-1061-8,by,1,0,0,168,0,72,1,1,RNA-Seq profiling of circular RNA in human lung adenocarcinoma and squamous cell carcinoma
PMC8764835,Molecular Cancer,2022,10.1186/s12943-022-01499-8,by,1,1,1,254,610,950,1,0,A signature of saliva-derived exosomal small RNAs as predicting biomarker for esophageal carcinoma: a multicenter prospe
PMC6440158,Molecular Cancer,2019,10.1186/s12943-019-1010-6,by,0,1,1,449,375,432,1,1,A novel protein encoded by a circular RNA circPPP1R12A promotes tumor pathogenesis and metastasis of colon cancer via Hi
PMC7466807,Molecular Cancer,2020,10.1186/s12943-020-01255-w,by,1,1,1,120,416,464,0,1,The potential roles of exosomes in pancreatic cancer initiation and metastasis
PMC8725338,Molecular Cancer,2022,10.1186/s12943-021-01466-9,by,1,1,1,266,501,798,1,0,CRISPR screens uncover protective effect of PSTK as a regulator of chemotherapy-induced ferroptosis in hepatocellular ca
PMC6993488,Molecular Cancer,2020,10.1186/s12943-020-1144-6,by,1,1,0,121,6459,104,0,0,Predictive biomarkers and mechanisms underlying resistance to PD1/PD-L1 blockade cancer immunotherapy
PMC8170799,Molecular Cancer,2021,10.1186/s12943-021-01376-w,by,1,1,0,152,6315,0,0,0,"The roles of tumor-derived exosomes in altered differentiation, maturation and function of dendritic cells"
PMC6138935,Molecular Cancer,2018,10.1186/s12943-018-0883-0,by,1,1,1,281,522,943,1,0,AR–PDEF pathway promotes tumour proliferation and upregulates MYC-mediated gene transcription by promoting MAD1 degradat
PMC6710865,Molecular Cancer,2019,10.1186/s12943-019-1059-2,by,0,0,0,0,0,0,0,0,"Correction to: The lncRNA UCA1 promotes proliferation, migration, immune escape and inhibits apoptosis in gastric cancer"
PMC6701025,Molecular Cancer,2019,10.1186/s12943-019-1057-4,by,1,1,1,148,447,194,0,1,Next generation chimeric antigen receptor T cells: safety strategies to overcome toxicity
PMC6704702,Molecular Cancer,2019,10.1186/s12943-019-1054-7,by,1,1,1,308,633,1071,1,1,Circular RNA circNHSL1 promotes gastric cancer progression through the miR-1306-3p/SIX1/vimentin axis
PMC5787306,Molecular Cancer,2018,10.1186/s12943-018-0772-6,by,1,0,0,191,0,91,0,0,Extracellular vesicle-derived DNA for performing EGFR genotyping of NSCLC patients
PMC5817862,Molecular Cancer,2018,10.1186/s12943-018-0775-3,by,1,1,1,106,4640,126,0,0,Tyrosine kinase inhibitors enhanced the efficacy of conventional chemotherapeutic agent in multidrug resistant cancer ce
PMC6898962,Molecular Cancer,2019,10.1186/s12943-019-1099-7,by,1,1,1,94,2403,564,0,0,"N6-methyladenosine (m6A) RNA modification in gastrointestinal tract cancers: roles, mechanisms, and applications"
PMC6091058,Molecular Cancer,2018,10.1186/s12943-018-0863-4,by,1,0,0,163,0,0,1,0,Differential distribution and enrichment of non-coding RNAs in exosomes from normal and Cancer-associated fibroblasts in
PMC9219196,Molecular Cancer,2022,10.1186/s12943-022-01600-1,by,1,1,1,279,407,943,1,0,"circEXOC6B interacting with RRAGB, an mTORC1 activator, inhibits the progression of colorectal cancer by antagonizing th"
PMC7050126,Molecular Cancer,2020,10.1186/s12943-020-01154-0,by,1,1,0,137,290,0,0,0,"Noncoding RNAs in cancer immunity: functions, regulatory mechanisms, and clinical application"
PMC8359101,Molecular Cancer,2021,10.1186/s12943-021-01390-y,by,1,1,1,277,442,941,1,1,CircDIDO1 inhibits gastric cancer progression by encoding a novel DIDO1-529aa protein and regulating PRDX2 protein stabi
PMC9014560,Molecular Cancer,2022,10.1186/s12943-022-01564-2,by,0,0,0,0,0,0,0,0,Correction to: Using single-cell sequencing technology to detect circulating tumor cells in solid tumors
PMC7412851,Molecular Cancer,2020,10.1186/s12943-020-01233-2,by,1,1,0,123,213,114,0,1,Novel insights into the interplay between m6A modification and noncoding RNAs in cancer
PMC6379985,Molecular Cancer,2019,10.1186/s12943-019-0951-0,by,1,1,1,225,471,772,1,0,Circular RNA cTFRC acts as the sponge of MicroRNA-107 to promote bladder carcinoma progression
PMC6332843,Molecular Cancer,2019,10.1186/s12943-018-0928-4,by,1,1,1,185,700,630,0,1,Role of the tumor microenvironment in PD-L1/PD-1-mediated tumor immune escape
PMC8740365,Molecular Cancer,2022,10.1186/s12943-021-01484-7,by,1,1,1,174,726,404,0,1,Expanding uncapped translation and emerging function of circular RNA in carcinomas and noncarcinomas
PMC6417285,Molecular Cancer,2019,10.1186/s12943-019-0959-5,by,1,1,1,270,315,819,1,1,Hypoxic BMSC-derived exosomal miRNAs promote metastasis of lung cancer cells via STAT3-induced EMT
PMC8474928,Molecular Cancer,2021,10.1186/s12943-021-01408-5,by,0,0,0,0,0,51,1,0,"The landscape of m6A regulators in small cell lung cancer: molecular characteristics, immuno-oncology features, and clin"
PMC6833286,Molecular Cancer,2019,10.1186/s12943-019-1091-2,by,1,1,1,178,461,201,0,0,Novel immune checkpoint targets: moving beyond PD-1 and CTLA-4
PMC6827209,Molecular Cancer,2019,10.1186/s12943-019-1090-3,by,1,1,0,162,144,0,0,0,"AXL receptor tyrosine kinase as a promising anti-cancer approach: functions, molecular mechanisms and clinical applicati"
PMC8529724,Molecular Cancer,2021,10.1186/s12943-021-01430-7,by,0,0,1,0,0,152,0,0,Peritoneal metastasis of colorectal cancer (pmCRC): identification of predictive molecular signatures by a novel preclin
PMC6441160,Molecular Cancer,2019,10.1186/s12943-019-0961-y,by,1,1,1,211,1181,297,0,1,Reactive oxygen species: a volatile driver of field cancerization and metastasis
PMC8969247,Molecular Cancer,2022,10.1186/s12943-022-01554-4,by,0,0,0,0,0,0,0,0,Correction to: SALL1 functions as a tumor suppressor in breast cancer by regulating cancer cell senescence and metastasi
PMC5896160,Molecular Cancer,2018,10.1186/s12943-018-0828-7,by,0,1,1,0,699,253,0,0,"Dr. Jekyll and Mr. Hyde: MAP17’s up-regulation, a crosspoint in cancer and inflammatory diseases"
PMC7812728,Molecular Cancer,2021,10.1186/s12943-021-01307-9,by,1,1,1,280,739,1016,1,1,Intercellular transfer of exosomal wild type EGFR triggers osimertinib resistance in non-small cell lung cancer
PMC6986105,Molecular Cancer,2020,10.1186/s12943-019-1120-1,by,1,1,1,294,349,974,1,0,Circular RNA MAPK4 (circ-MAPK4) inhibits cell apoptosis via MAPK signaling pathway by sponging miR-125a-3p in gliomas
PMC5817727,Molecular Cancer,2018,10.1186/s12943-018-0803-3,by,1,1,0,210,264,0,0,0,"PTEN/PTENP1: ‘Regulating the regulator of RTK-dependent PI3K/Akt signalling’, new targets for cancer therapy"
PMC9026691,BMC Cancer,2022,10.1186/s12885-022-09540-1,by,1,1,1,185,425,1066,1,1,Exploration of mRNAs and miRNA classifiers for various ATLL cancer subtypes using machine learning
PMC8504029,BMC Cancer,2021,10.1186/s12885-021-08808-2,by,1,1,1,346,761,733,0,1,Rationale and design of the Diet Restriction and Exercise-induced Adaptations in Metastatic breast cancer (DREAM) study:
PMC9074284,BMC Cancer,2022,10.1186/s12885-022-09618-w,by,1,1,1,290,296,824,1,1,Long-term outcome and relapse patterns in Ewing sarcoma patients with extensive lung/pleural metastases after a complete
PMC8898472,BMC Cancer,2022,10.1186/s12885-022-09228-6,by,1,1,1,306,252,821,1,1,Comparison of comfort and complications of Implantable Venous Access Port (IVAP) with ultrasound guided Internal Jugular
PMC8662860,BMC Cancer,2021,10.1186/s12885-021-09044-4,by,1,1,1,214,694,1429,1,1,Multi-omics analysis of an immune-based prognostic predictor in non-small cell lung cancer
PMC9123656,BMC Cancer,2022,10.1186/s12885-022-09663-5,by,1,1,1,210,1007,906,1,1,"Safety, activity, and pharmacokinetics of camrelizumab in advanced Asian melanoma patients: a phase I study"
PMC8555001,BMC Cancer,2021,10.1186/s12885-021-08863-9,by,1,1,1,123,418,154,0,1,Homologous recombination proficiency in ovarian and breast cancer patients
PMC8783422,BMC Cancer,2022,10.1186/s12885-022-09195-y,by,1,1,1,239,471,1007,1,0,Standardization of evaluation method and prognostic significance of histological response to preoperative chemotherapy i
PMC8594118,BMC Cancer,2021,10.1186/s12885-021-08943-w,by,1,1,1,279,300,685,1,1,Nomogram to predict survival of patients with advanced and metastatic pancreatic Cancer
PMC9238042,BMC Cancer,2022,10.1186/s12885-022-09811-x,by,1,1,1,236,525,1069,1,0,Impact of early tumor shrinkage on quality of life in patients treated with first-line cetuximab plus chemotherapy for u
PMC8571885,BMC Cancer,2021,10.1186/s12885-021-08902-5,by,1,1,1,231,755,832,1,1,A lipid metabolism-related genes prognosis biomarker associated with the tumor immune microenvironment in colorectal car
PMC8944004,BMC Cancer,2022,10.1186/s12885-022-09376-9,by,1,1,1,216,683,706,1,0,PARP inhibitors chemopotentiate and synergize with cisplatin to inhibit bladder cancer cell survival and tumor growth
PMC9055774,BMC Cancer,2022,10.1186/s12885-022-09570-9,by,1,1,1,326,810,1531,1,0,Evaluation of CSTB and DMBT1 expression in saliva of gastric cancer patients and controls
PMC9123752,BMC Cancer,2022,10.1186/s12885-022-09666-2,by,1,1,1,251,605,510,1,0,Mir-675-5p supports hypoxia-induced drug resistance in colorectal cancer cells
PMC8722042,BMC Cancer,2022,10.1186/s12885-021-09142-3,by,1,1,1,238,1061,1401,1,0,Application of protection motivation theory (PMT) on skin cancer preventive behaviors amongst primary school students in
PMC9214980,BMC Cancer,2022,10.1186/s12885-022-09728-5,by,1,1,1,208,291,667,1,0,"Development and validation of reassigned CEA, CYFRA21-1 and NSE-based models for lung cancer diagnosis and prognosis pre"
PMC8684631,BMC Cancer,2021,10.1186/s12885-021-09045-3,by,1,1,1,228,202,1379,1,1,High prevalence of anterior pituitary deficiencies after cranial radiation therapy for skull base meningiomas
PMC8939149,BMC Cancer,2022,10.1186/s12885-022-09398-3,by,1,1,1,319,499,944,1,0,Correlation of LAGE3 with unfavorable prognosis and promoting tumor development in HCC via PI3K/AKT/mTOR and Ras/RAF/MAP
PMC8564960,BMC Cancer,2021,10.1186/s12885-021-08895-1,by,1,1,1,236,235,366,1,0,Knockdown of circSMAD2 inhibits the tumorigenesis of gallbladder cancer through binding with eIF4A3
PMC8851790,BMC Cancer,2022,10.1186/s12885-022-09280-2,by,1,1,1,262,927,1915,1,0,"Loss of REST in breast cancer promotes tumor progression through estrogen sensitization, MMP24 and CEMIP overexpression"
PMC8518225,BMC Cancer,2021,10.1186/s12885-021-08820-6,by,1,1,1,343,440,1732,1,1,Association of body-shape phenotypes with imaging measures of body composition in the UK Biobank cohort: relevance to co
PMC9245282,BMC Cancer,2022,10.1186/s12885-022-09800-0,by,1,1,1,258,420,1004,1,0,Mutations of 1p genes do not consistently abrogate tumor suppressor functions in 1p-intact neuroblastoma
PMC8841078,BMC Cancer,2022,10.1186/s12885-022-09229-5,by,1,1,1,346,425,1362,1,1,SYT-SSX1 enhances the invasiveness and maintains stem-like cell properties in synovial sarcoma via induction of TGF-β1/S
PMC8962079,BMC Cancer,2022,10.1186/s12885-022-09448-w,by,1,1,1,243,250,926,1,0,Recurrence and prognosis in intrahepatic cholangiocarcinoma patients with different etiology after radical resection: a 
PMC9238050,BMC Cancer,2022,10.1186/s12885-022-09812-w,by,1,1,1,245,402,1005,1,0,Non-invasive diagnosis strategy of hepatocellular carcinoma in low-risk population
PMC8722180,BMC Cancer,2022,10.1186/s12885-021-09122-7,by,1,1,1,332,307,534,1,1,Optimal surgical treatment for paratesticular leiomyosarcoma: retrospective analysis of 217 reported cases
PMC8892802,BMC Cancer,2022,10.1186/s12885-022-09237-5,by,1,1,1,298,648,865,1,1,Prognostic mutational subtyping in de novo diffuse large B-cell lymphoma
PMC8756657,BMC Cancer,2022,10.1186/s12885-022-09177-0,by,1,1,1,239,379,804,1,0,The mediator role of resilience between psychological predictors and health-related quality of life in breast cancer sur
PMC9063072,BMC Cancer,2022,10.1186/s12885-022-09478-4,by,1,1,1,351,609,910,1,0,Dual targeting of FGFR3 and ERBB3 enhances the efficacy of FGFR inhibitors in FGFR3 fusion-driven bladder cancer
PMC8555350,BMC Cancer,2021,10.1186/s12885-021-08893-3,by,1,1,1,252,219,632,1,1,Development and validation of genomic and epigenomic signatures associated with tumor immune microenvironment in hepatob
PMC8822700,BMC Cancer,2022,10.1186/s12885-022-09260-6,by,1,1,1,350,828,977,1,1,"Clinical characteristics, pregnancy outcomes and ovarian function of pregnancy-associated breast cancer patients: a retr"
PMC8722263,BMC Cancer,2022,10.1186/s12885-021-09072-0,by,1,1,1,277,958,821,1,1,"Fatigue in breast cancer patients on chemotherapy: a cross-sectional study exploring clinical, biological, and genetic f"
PMC8565069,BMC Cancer,2021,10.1186/s12885-021-08921-2,by,1,1,1,226,379,496,1,1,Phase II trail of nab-paclitaxel in metastatic breast cancer patients with visceral metastases
PMC8790913,BMC Cancer,2022,10.1186/s12885-022-09216-w,by,1,1,1,254,439,1139,1,1,"The role of SPI1-TYROBP-FCER1G network in oncogenesis and prognosis of osteosarcoma, and its association with immune inf"
PMC8722169,BMC Cancer,2022,10.1186/s12885-021-09101-y,by,1,1,1,214,336,883,1,1,Serum apolipoprotein B to apolipoprotein A-I ratio is an independent predictor of liver metastasis from locally advanced
PMC8818194,BMC Cancer,2022,10.1186/s12885-022-09184-1,by,1,1,1,297,505,1288,1,1,Longitudinal minimal residual disease assessment in multiple myeloma patients in complete remission – results from the N
PMC9009002,BMC Cancer,2022,10.1186/s12885-022-09289-7,by,1,1,1,394,561,1703,1,0,SNCA correlates with immune infiltration and serves as a prognostic biomarker in lung adenocarcinoma
PMC8908604,BMC Cancer,2022,10.1186/s12885-022-09344-3,by,1,1,1,339,525,1229,1,0,An integrative gene expression signature analysis identifies CMS4 KRAS-mutated colorectal cancers sensitive to combined 
PMC8555186,BMC Cancer,2021,10.1186/s12885-021-08889-z,by,1,1,1,314,292,781,1,0,"Combined analysis of PTEN, HER2, and hormone receptors status: remodeling breast cancer risk profiling"
PMC8607667,BMC Cancer,2021,10.1186/s12885-021-08941-y,by,1,1,1,246,224,732,1,0,Exploring the association between use of gonadotropin releasing hormones agonists and prostate cancer diagnosis per se a
PMC9019943,BMC Cancer,2022,10.1186/s12885-022-09512-5,by,1,1,1,169,644,697,1,0,Baseline soluble MICA levels act as a predictive biomarker for the efficacy of regorafenib treatment in colorectal cance
PMC9123811,BMC Cancer,2022,10.1186/s12885-022-09532-1,by,1,1,1,241,204,582,1,1,Role of CDH23 as a prognostic biomarker and its relationship with immune infiltration in acute myeloid leukemia
PMC8811964,BMC Cancer,2022,10.1186/s12885-022-09224-w,by,1,1,1,291,808,1468,1,1,Unmet needs of 1210 Chinese breast cancer survivors and associated factors: a multicentre cross-sectional study
PMC8725410,BMC Cancer,2022,10.1186/s12885-021-09130-7,by,1,1,1,203,390,486,1,1,Significance of the neutrophil-to-lymphocyte ratio in predicting the response to neoadjuvant chemotherapy in extremity o
PMC8922846,BMC Cancer,2022,10.1186/s12885-022-09383-w,by,1,1,1,235,704,927,1,0,Response rate of anticancer drugs approved by the Food and Drug Administration based on a single-arm trial
PMC9210814,BMC Cancer,2022,10.1186/s12885-022-09788-7,by,1,1,1,200,810,859,1,0,Mass cytometry reveals immune atlas of urothelial carcinoma
PMC8666072,BMC Cancer,2021,10.1186/s12885-021-09054-2,by,1,1,1,158,5767,423,0,1,Gut microbiome and its role in colorectal cancer
PMC9074290,BMC Cancer,2022,10.1186/s12885-022-09613-1,by,1,1,1,347,621,702,1,1,Cost-effectiveness of using artificial intelligence versus polygenic risk score to guide breast cancer screening
PMC8499457,BMC Cancer,2021,10.1186/s12885-021-08779-4,by,1,1,1,248,291,357,1,1,"Knockdown of circ_0011946 targets miR-216a-5p/BCL2L2 axis to regulate proliferation, migration, invasion and apoptosis o"
PMC8957185,BMC Cancer,2022,10.1186/s12885-022-09402-w,by,1,1,1,379,539,1303,1,0,Protein-based prognostic signature for predicting the survival and immunotherapeutic efficiency of endometrial carcinoma
PMC8812022,BMC Cancer,2022,10.1186/s12885-022-09240-w,by,1,1,1,211,313,1370,1,1,"Initial and ten-year treatment patterns among 11,000 breast cancer patients undergoing breast surgery—an analysis of Ger"
PMC8760695,BMC Cancer,2022,10.1186/s12885-021-09158-9,by,1,1,1,352,563,963,0,1,THUNDER 2: THeragnostic Utilities for Neoplastic DisEases of the Rectum by MRI guided radiotherapy
PMC9158211,BMC Cancer,2022,10.1186/s12885-022-09691-1,by,1,1,1,205,256,649,1,1,Higher body mass index was associated with better prognosis in diabetic patients with stage II colorectal cancer
PMC8620529,BMC Cancer,2021,10.1186/s12885-021-09003-z,by,1,1,1,335,382,857,1,1,Patterns and outcomes of immune-related adverse events in solid tumor patients treated with immune checkpoint inhibitors
PMC9074180,BMC Cancer,2022,10.1186/s12885-022-09612-2,by,1,1,1,368,1060,2651,1,1,Stimulating TAM-mediated anti-tumor immunity with mannose-decorated nanoparticles in ovarian cancer
PMC9220983,Cancers,2022,10.3390/cancers14122951,by,0,1,1,466,373,1091,1,0,"The Early Detection of Breast Cancer Using Liquid Biopsies: Model Estimates of the Benefits, Harms, and Costs"
PMC9179566,Cancers,2022,10.3390/cancers14112790,by,1,0,0,308,0,0,0,1,High Levels of MFG-E8 Confer a Good Prognosis in Prostate and Renal Cancer Patients
PMC9139232,Cancers,2022,10.3390/cancers14102418,by,0,0,0,0,0,0,0,0,"Oncologic Thermoradiotherapy: Need for Evidence, Harmonisation, and Innovation"
PMC9179444,Cancers,2022,10.3390/cancers14112637,by,1,0,0,312,0,0,0,1,The Role of Cancer-Associated Fibroblasts in Ovarian Cancer
PMC9139585,Cancers,2022,10.3390/cancers14102498,by,1,1,1,304,377,997,1,0,Platelets Increase the Expression of PD-L1 in Ovarian Cancer
PMC9179546,Cancers,2022,10.3390/cancers14112797,by,1,1,1,372,945,1962,1,0,Integrated Multi-Omics Maps of Lower-Grade Gliomas
PMC9264951,Cancers,2022,10.3390/cancers14133101,by,1,0,0,332,0,0,0,1,Heterogeneity of HER2 Expression in Circulating Tumor Cells of Patients with Breast Cancer Brain Metastases and Impact o
PMC9221505,Cancers,2022,10.3390/cancers14122995,by,1,0,0,344,0,0,0,1,Contribution of the Skin–Gut Axis to Immune-Related Adverse Events with Multi-System Involvement
PMC9139528,Cancers,2022,10.3390/cancers14102547,by,1,0,0,318,0,0,0,1,Prognostic Value of Preclinical Markers after Radiotherapy of Metastatic Spinal Cord Compression—An Additional Analysis 
PMC9140047,Cancers,2022,10.3390/cancers14102377,by,1,1,1,375,497,1451,1,0,Mutation of PTPN11 (Encoding SHP-2) Promotes MEK Activation and Malignant Progression in Neurofibromin-Deficient Cells i
PMC9103509,Cancers,2022,10.3390/cancers14092276,by,1,0,0,285,0,0,0,1,Association of Rare Immune-Related Adverse Events to Survival in Advanced Cancer Patients Treated with Immune Checkpoint
PMC9220847,Cancers,2022,10.3390/cancers14122842,by,0,1,1,407,693,1332,1,0,Metabolomic Analysis Points to Bioactive Lipid Species and Acireductone Dioxygenase 1 (ADI1) as Potential Therapeutic Ta
PMC9179500,Cancers,2022,10.3390/cancers14112732,by,1,0,0,346,0,0,0,1,Magmas Inhibition in Prostate Cancer: A Novel Target for Treatment-Resistant Disease
PMC9104348,Cancers,2022,10.3390/cancers14092262,by,1,0,0,329,0,0,0,1,Space- and Time-Resolved Metabolomics of a High-Grade Serous Ovarian Cancer Mouse Model
PMC9265021,Cancers,2022,10.3390/cancers14133126,by,1,0,0,311,0,0,0,1,Perspectives for 3D-Bioprinting in Modeling of Tumor Immune Evasion
PMC9220997,Cancers,2022,10.3390/cancers14122906,by,1,1,1,252,617,864,1,0,ChemoSensitivity Assay Guided Metronomic Chemotherapy Is Safe and Effective for Treating Advanced Pancreatic Cancer
PMC9139714,Cancers,2022,10.3390/cancers14102512,by,1,0,0,322,0,0,0,1,Exercise Counteracts the Deleterious Effects of Cancer Cachexia
PMC9179898,Cancers,2022,10.3390/cancers14112780,by,1,0,0,171,0,0,0,1,Interconnected Adaptive Responses: A Way Out for Cancer Cells to Avoid Cellular Demise
PMC9264840,Cancers,2022,10.3390/cancers14133105,by,1,1,0,319,618,68,1,0,Nasopharyngeal Carcinoma Radiomic Evaluation with Serial PET/CT: Exploring Features Predictive of Survival in Patients w
PMC9265004,Cancers,2022,10.3390/cancers14133054,by,1,0,0,319,0,0,0,1,Basal VEGF-A and ACE Plasma Levels of Metastatic Colorectal Cancer Patients Have Prognostic Value for First-Line Treatme
PMC9140097,Cancers,2022,10.3390/cancers14102533,by,1,0,0,228,0,0,0,1,Chromosomal Instability in Chronic Myeloid Leukemia: Mechanistic Insights and Effects
PMC9179879,Cancers,2022,10.3390/cancers14112683,by,1,1,1,273,388,1127,1,0,The Clinical Applications of Liquid Biopsies in Pediatric Brain Tumors: A Systematic Literature Review
PMC9264955,Cancers,2022,10.3390/cancers14133231,by,1,0,0,386,0,0,0,1,Prognostic and Predictive Role of Body Composition in Metastatic Neuroendocrine Tumor Patients Treated with Everolimus: 
PMC9264957,Cancers,2022,10.3390/cancers14133049,by,1,1,1,303,236,811,1,0,Mortality and Major Cardiovascular Events among Patients with Multiple Myeloma: Analysis from a Nationwide French Medica
PMC9179836,Cancers,2022,10.3390/cancers14112719,by,1,1,1,252,978,1184,1,0,Impact of Insulin Therapies on Cancer Incidence in Type 1 and Type 2 Diabetes: A Population-Based Cohort Study in Reggio
PMC9100262,Cancers,2022,10.3390/cancers14092338,by,1,1,1,343,373,469,1,0,Oncopeptide MBOP Encoded by LINC01234 Promotes Colorectal Cancer through MAPK Signaling Pathway
PMC9139618,Cancers,2022,10.3390/cancers14102437,by,1,1,1,319,397,855,1,0,Machine Learning Algorithm for Distinguishing Ductal Carcinoma In Situ from Invasive Breast Cancer
PMC9221445,Cancers,2022,10.3390/cancers14122911,by,1,0,0,324,0,0,0,1,The Landscape and Clinical Application of the Tumor Microenvironment in Gastroenteropancreatic Neuroendocrine Neoplasms
PMC9139445,Cancers,2022,10.3390/cancers14102521,by,1,0,0,382,0,0,0,1,Sex Differences in the Prevalence of Head and Neck Cancers: A 10-Year Follow-Up Study of 10 Million Healthy People
PMC9100020,Cancers,2022,10.3390/cancers14092322,by,1,0,0,211,0,0,0,1,Muscarinic Receptors Associated with Cancer
PMC9103530,Cancers,2022,10.3390/cancers14092295,by,1,1,1,269,296,828,1,0,Hepatitis C Virus Elimination Using Direct Acting Antivirals after the Radical Cure of Hepatocellular Carcinoma Suppress
PMC9265116,Cancers,2022,10.3390/cancers14133189,by,1,0,0,348,0,0,0,1,2D-DIGE-MS Proteomics Approaches for Identification of Gelsolin and Peroxiredoxin 4 with Lymph Node Metastasis in Colore
PMC9101631,Cancers,2022,10.3390/cancers14092289,by,1,0,0,252,0,0,0,1,Extracellular Vesicles in the Progression and Therapeutic Resistance of Nasopharyngeal Carcinoma
PMC9103312,Cancers,2022,10.3390/cancers14092279,by,1,1,1,321,318,1150,1,0,Interpatient Heterogeneity in Drug Response and Protein Biomarker Expression of Recurrent Ovarian Cancer
PMC9221102,Cancers,2022,10.3390/cancers14122961,by,1,1,1,352,139,1453,1,0,Pathological Analysis of Encased Resected Recurrent Nerves in Locally Invasive Thyroid Cancer
PMC9264959,Cancers,2022,10.3390/cancers14133211,by,1,1,1,322,353,1716,1,0,Multiple Basal Cell Carcinomas in Immunocompetent Patients
PMC9179891,Cancers,2022,10.3390/cancers14112772,by,1,0,0,274,0,0,0,1,Long-Term Exposure to Decabromodiphenyl Ether Promotes the Proliferation and Tumourigenesis of Papillary Thyroid Carcino
PMC9139752,Cancers,2022,10.3390/cancers14102353,by,1,0,0,246,0,0,0,1,Can Schlafen 11 Help to Stratify Ovarian Cancer Patients Treated with DNA-Damaging Agents?
PMC9264980,Cancers,2022,10.3390/cancers14133173,by,1,1,1,339,328,598,1,0,High Expression of PRNP Predicts Poor Prognosis in Korean Patients with Gastric Cancer
PMC9179458,Cancers,2022,10.3390/cancers14112726,by,1,1,1,399,439,251,0,0,PET-CT in Clinical Adult Oncology—V. Head and Neck and Neuro Oncology
PMC9221523,Cancers,2022,10.3390/cancers14122840,by,1,0,0,290,0,0,0,1,"Diabetes Mellitus and Pancreatic Ductal Adenocarcinoma—Prevalence, Clinicopathological Variables, and Clinical Outcomes"
PMC9264854,Cancers,2022,10.3390/cancers14133076,by,1,0,0,305,0,0,0,1,Cervical Cancer Screening and Associated Barriers among Women in India: A Generalized Structural Equation Modeling Appro
PMC9104319,Cancers,2022,10.3390/cancers14092288,by,1,0,0,370,0,0,0,1,The Beneficial Role of Physical Exercise on Anthracyclines Induced Cardiotoxicity in Breast Cancer Patients
PMC9139692,Cancers,2022,10.3390/cancers14102455,by,1,1,1,332,448,1064,1,0,P720R USP8 Mutation Is Associated with a Better Responsiveness to Pasireotide in ACTH-Secreting PitNETs
PMC9179919,Cancers,2022,10.3390/cancers14112730,by,1,0,0,396,0,0,0,1,Loco-Regional Therapies in Oligometastatic Adrenocortical Carcinoma
PMC9179298,Cancers,2022,10.3390/cancers14112629,by,1,1,1,272,438,2721,1,0,Proteomic Analysis of Lung Cancer Types—A Pilot Study
PMC9179447,Cancers,2022,10.3390/cancers14112690,by,1,1,1,285,521,1262,1,0,Differential Impacts on Tensional Homeostasis of Gastric Cancer Cells Due to Distinct Domain Variants of E-Cadherin
PMC9221467,Cancers,2022,10.3390/cancers14122849,by,1,1,1,388,592,1114,1,0,Influence of Beam Angle on Normal Tissue Complication Probability of Knowledge-Based Head and Neck Cancer Proton Plannin
PMC9139611,Cancers,2022,10.3390/cancers14102412,by,1,0,0,178,0,0,0,1,Epidemiology of Glioblastoma Multiforme–Literature Review
PMC9139569,Cancers,2022,10.3390/cancers14102425,by,1,1,1,346,888,1376,1,0,Definition of the Prognostic Role of MGMT Promoter Methylation Value by Pyrosequencing in Newly Diagnosed IDH Wild-Type 
PMC9179543,Cancers,2022,10.3390/cancers14112649,by,0,0,1,460,0,1748,1,0,Transcriptional Dynamics of DNA Damage Responsive Genes in Circulating Leukocytes during Radiotherapy
PMC9179314,Cancers,2022,10.3390/cancers14112727,by,1,0,0,359,0,0,0,1,Comparative Pathobiology of Canine and Human Prostate Cancer: State of the Art and Future Directions
PMC9221374,Cancers,2022,10.3390/cancers14122835,by,1,0,0,359,0,0,0,1,"PET-CT in Clinical Adult Oncology—VI. Primary Cutaneous Cancer, Sarcomas and Neuroendocrine Tumors"
PMC9221029,Cancers,2022,10.3390/cancers14122969,by,1,0,0,273,0,0,0,1,Validation of a Patient-Derived Xenograft Model for Cervical Cancer Based on Genomic and Phenotypic Characterization
PMC9179562,Cancers,2022,10.3390/cancers14112698,by,1,1,1,289,572,1047,1,0,Acute Impact of Cancer Treatment on Head and Neck Cancer Patients: FIT4TREATMENT
PMC9184515,Frontiers in Oncology,2022,10.3389/fonc.2022.843991,,0,0,0,0,0,0,0,0,Association of CT-Based Delta Radiomics Biomarker With Progression-Free Survival in Patients With Colorectal Liver Metas
PMC9171493,Frontiers in Oncology,2022,10.3389/fonc.2022.887318,by,1,1,1,233,354,796,1,0,Necroptosis-Related LncRNAs Signature and Subtypes for Predicting Prognosis and Revealing the Immune Microenvironment in
PMC9174590,Frontiers in Oncology,2022,10.3389/fonc.2022.873516,,0,0,0,0,0,0,0,0,Heterogeneous Expression and Subcellular Localization of Pyruvate Dehydrogenase Complex in Prostate Cancer
PMC9208618,Frontiers in Oncology,2022,10.3389/fonc.2022.873323,,0,0,0,0,0,0,0,0,Impact of Limb Salvage on Prognosis of Patients Diagnosed With Extremity Bone and Soft Tissue Sarcomas
PMC9280981,Frontiers in Oncology,2022,10.3389/fonc.2022.861867,by,1,1,1,249,477,1334,1,0,Prognostic Significance of FDG PET/CT in Esophageal Squamous Cell Carcinoma in the Era of the 8th AJCC/UICC Staging Syst
PMC9251342,Frontiers in Oncology,2022,10.3389/fonc.2022.870843,by,1,1,1,308,484,1421,1,0,The Risk of Heart Disease-Related Death Among Anaplastic Astrocytoma Patients After Chemotherapy: A SEER Population-Base
PMC9281446,Frontiers in Oncology,2022,10.3389/fonc.2022.871568,by,1,1,1,312,398,707,1,0,Integrative Proteo-Genomic Analysis for Recurrent Survival Prognosis in Colon Adenocarcinoma
PMC9158524,Frontiers in Oncology,2022,10.3389/fonc.2022.884554,,0,0,0,0,0,0,0,0,Evaluation of a CD13 and Integrin αvβ3 Dual-Receptor Targeted Tracer 68Ga-NGR-RGD for Ovarian Tumor Imaging: Comparison 
PMC9259982,Frontiers in Oncology,2022,10.3389/fonc.2022.924144,by,1,1,1,234,352,660,1,0,Explainable Machine Learning Model to Prediction EGFR Mutation in Lung Cancer
PMC9184446,Frontiers in Oncology,2022,10.3389/fonc.2022.884523,by,1,0,0,233,0,0,0,0,Respiratory Prediction Based on Multi-Scale Temporal Convolutional Network for Tracking Thoracic Tumor Movement
PMC9277150,Frontiers in Oncology,2022,10.3389/fonc.2022.921975,,0,0,0,0,0,0,0,0,The Network of Tumor Microtubes: An Improperly Reactivated Neural Cell Network With Stemness Feature for Resistance and 
PMC9259992,Frontiers in Oncology,2022,10.3389/fonc.2022.917471,,0,0,0,0,0,0,0,0,Lysophosphatidic Acid Signaling and microRNAs: New Roles in Various Cancers
PMC9279866,Frontiers in Oncology,2022,10.3389/fonc.2022.868076,,0,0,0,0,0,0,0,0,Association Between Internal Organ/Liver Tumor and External Surface Motion From Cine MR Images on an MRI-Linac
PMC9171240,Frontiers in Oncology,2022,10.3389/fonc.2022.852765,,0,0,0,0,0,0,0,0,Sphingomyelin Phodiesterase Acid-Like 3A Promotes Hepatocellular Carcinoma Growth Through the Enhancer of Rudimentary Ho
PMC9248864,Frontiers in Oncology,2022,10.3389/fonc.2022.809860,by,1,1,1,311,443,1364,1,0,Distinct Gene Expression Profiles in Viable Hepatocellular Carcinoma Treated With Liver-Directed Therapy
PMC9200963,Frontiers in Oncology,2022,10.3389/fonc.2022.907625,by,0,1,1,402,337,860,1,0,The Values of Systemic Immune-Inflammation Index and Neutrophil–Lymphocyte Ratio in Predicting Biochemical Recurrence in
PMC9213662,Frontiers in Oncology,2022,10.3389/fonc.2022.859716,,0,0,0,0,0,0,0,0,Serum Total Bile Acids in Relation to Gastrointestinal Cancer Risk: A Retrospective Study
PMC9168541,Frontiers in Oncology,2022,10.3389/fonc.2022.900203,,0,0,0,0,0,0,0,0,Characterization of 7-Methylguanosine Identified Biochemical Recurrence and Tumor Immune Microenvironment in Prostate Ca
PMC9273967,Frontiers in Oncology,2022,10.3389/fonc.2022.846497,by,1,1,1,212,265,438,0,0,Research Progress of Long Non-Coding RNA GAS5 in Malignant Tumors
PMC9209639,Frontiers in Oncology,2022,10.3389/fonc.2022.915418,by,1,1,1,185,688,717,1,0,"Significance of Triple Detection of p16/ki-67 Dual-Staining, Liquid-Based Cytology and HR HPV Testing in Screening of Ce"
PMC9275564,Frontiers in Oncology,2022,10.3389/fonc.2022.883679,by,1,1,1,303,640,1063,1,0,Subclinical Left Ventricular Dysfunction Detected by Speckle-Tracking Echocardiography in Breast Cancer Patients Treated
PMC9198425,Frontiers in Oncology,2022,10.3389/fonc.2022.838840,,0,0,0,0,0,0,0,0,"Characteristics, Prognosis, and Competing Risk Nomograms of Cutaneous Malignant Melanoma: Evidence for Pigmentary Disord"
PMC9255667,Frontiers in Oncology,2022,10.3389/fonc.2022.896152,,0,0,0,0,0,0,0,0,Platelet-to-Lymphocyte Ratio and CA125 Level as a Combined Biomarker for Diagnosing Endometriosis and Predicting Pelvic 
PMC9160985,Frontiers in Oncology,2022,10.3389/fonc.2022.843278,by,1,1,1,285,238,1056,1,0,Real-World Efficacy of Bevacizumab in Patients With Recurrent Epithelial Ovarian Cancer
PMC9256908,Frontiers in Oncology,2022,10.3389/fonc.2022.881902,by,0,1,1,447,589,955,1,0,AHCC® Supplementation to Support Immune Function to Clear Persistent Human Papillomavirus Infections
PMC9195140,Frontiers in Oncology,2022,10.3389/fonc.2022.855305,,0,0,0,0,0,0,0,0,A Germline Mutation in ATR Is Associated With Lung Adenocarcinoma in Asian Patients
PMC9279858,Frontiers in Oncology,2022,10.3389/fonc.2022.946039,,0,0,0,0,0,0,0,0,Cumulative Evidence for Relationships Between Multiple Variants in the TERT and CLPTM1L Region and Risk of Cancer and No
PMC9170957,Frontiers in Oncology,2022,10.3389/fonc.2022.877379,by,1,1,0,140,1398,99,0,0,From Therapy Resistance to Targeted Therapies in Prostate Cancer
PMC9193224,Frontiers in Oncology,2022,10.3389/fonc.2022.878264,,0,0,0,0,0,0,0,0,Absence of PSA Flare With Apalutamide Administered 1 Hour in Advance With GnRH Agonists: Case Report
PMC9272564,Frontiers in Oncology,2022,10.3389/fonc.2022.892995,by,1,1,1,253,424,1208,1,0,Analysis of Factors Associated With Recurrence of Early-Stage Endometrial Carcinoma and Atypical Endometrial Hyperplasia
PMC9207502,Frontiers in Oncology,2022,10.3389/fonc.2022.898119,,0,0,0,0,0,0,0,0,Case Report: Pathologic Complete Response to Induction Therapy in a Patient With Potentially Resectable Pancreatic Cance
PMC9248439,Frontiers in Oncology,2022,10.3389/fonc.2022.898047,,0,0,0,0,0,0,0,0,Sclerostin Suppression Facilitates Uveal Melanoma Progression Through Activating Wnt/β-Catenin Signaling Via Binding to 
PMC9192977,Frontiers in Oncology,2022,10.3389/fonc.2022.879054,by,1,1,1,202,624,1009,1,0,p63 Directs Subtype-Specific Gene Expression in HPV+ Head and Neck Squamous Cell Carcinoma
PMC9251310,Frontiers in Oncology,2022,10.3389/fonc.2022.919072,,0,0,0,0,0,0,0,0,Progress and Prospect of Immunotherapy for Triple-Negative Breast Cancer
PMC9162117,Frontiers in Oncology,2022,10.3389/fonc.2022.870315,,0,0,0,0,0,0,0,0,Application of Diffusion Kurtosis Imaging in Evaluating Acute Xerostomia in Nasopharyngeal Carcinoma Treated With Induct
PMC9236884,Frontiers in Oncology,2022,10.3389/fonc.2022.885155,,0,0,0,0,0,0,0,0,Clinicopathologic Characteristics of Grade 2/3 Meningiomas: A Perspective on the Role of Next-Generation Sequencing
PMC9176213,Frontiers in Oncology,2022,10.3389/fonc.2022.864367,by,1,1,1,289,380,1143,1,0,The Treatment Status of Patients in NSCLC With RET Fusion Under the Prelude of Selective RET-TKI Application in China: A
PMC9254863,Frontiers in Oncology,2022,10.3389/fonc.2022.860849,,0,0,0,0,0,0,0,0,Patient-Derived Extracellular Vesicles Proteins as New Biomarkers in Multiple Myeloma - A Real-World Study
PMC9209656,Frontiers in Oncology,2022,10.3389/fonc.2022.893591,,0,0,0,0,0,0,0,0,Long Noncoding RNA SNHG7 Is a Diagnostic and Prognostic Marker for Colon Adenocarcinoma
PMC9178990,Frontiers in Oncology,2022,10.3389/fonc.2022.869078,,0,0,0,0,0,0,0,0,"Imprime PGG Enhances Anti-Tumor Effects of Tumor-Targeting, Anti-Angiogenic, and Immune Checkpoint Inhibitor Antibodies"
PMC9159765,Frontiers in Oncology,2022,10.3389/fonc.2022.912426,by,1,1,1,177,270,588,0,0,A Lung Cancer Patient Harboring a Rare Oncogenic EGFR Exon 20 V786M Mutation Responded to a Third-Generation Tyrosine Ki
PMC9160746,Frontiers in Oncology,2022,10.3389/fonc.2022.875146,,0,0,0,0,0,0,0,0,KRT8 Serves as a Novel Biomarker for LUAD and Promotes Metastasis and EMT via NF-κB Signaling
PMC9186338,Frontiers in Oncology,2022,10.3389/fonc.2022.899567,by,1,1,1,222,449,784,1,0,Concordance of MRI-Guided Fusion and Systematic 12-Core Prostate Biopsy for the Detection of Prostate Cancer
PMC9149313,Frontiers in Oncology,2022,10.3389/fonc.2022.749119,by,1,1,1,242,576,1225,1,0,Comprehensive Genomic Characterization of Tumor Microenvironment and Relevant Signature in Clear Cell Renal Cell Carcino
PMC9247200,Frontiers in Oncology,2022,10.3389/fonc.2022.880643,,0,0,0,0,0,0,0,0,"Homologous Recombination Deficiency in Ovarian, Breast, Colorectal, Pancreatic, Non-Small Cell Lung and Prostate Cancers"
PMC9214222,Frontiers in Oncology,2022,10.3389/fonc.2022.876051,by,1,1,1,243,619,1299,1,0,Platelet Activation in High D-Dimer Plasma Plays a Role in Acquired Resistance to Epidermal Growth Factor Receptor Tyros
PMC9210572,Frontiers in Oncology,2022,10.3389/fonc.2022.902928,by,0,1,1,404,270,2034,1,0,Multidisciplinary Approach to Patients With Metastatic Spinal Cord Compression: A Diagnostic Therapeutic Algorithm to Im
PMC9218341,Frontiers in Oncology,2022,10.3389/fonc.2022.898060,,0,0,0,0,0,0,0,0,Introducing the New Surgical Robot HUGO™ RAS: System Description and Docking Settings for Gynecological Surgery
PMC9209648,Frontiers in Oncology,2022,10.3389/fonc.2022.892890,by,1,1,1,301,483,1034,1,0,"Development, Validation, and Comparison of Image-Based, Clinical Feature-Based and Fusion Artificial Intelligence Diagno"
PMC9261335,Frontiers in Oncology,2022,10.3389/fonc.2022.900550,by,1,1,1,187,555,2043,1,0,T.H.R.O.B.V.S. Score – A Comprehensive Model to Predict the Surgical Complexity of Renal Cell Carcinoma With Tumor Throm
PMC9280859,Frontiers in Oncology,2022,10.3389/fonc.2022.899055,,0,0,0,0,0,0,0,0,A Single-Center Follow-Up Study of Low-Grade Gastric Intraepithelial Neoplasia and the Screening of Key Genes of Precanc
PMC9179024,Frontiers in Oncology,2022,10.3389/fonc.2022.907472,,0,0,0,0,0,0,0,0,Long Intergenic Noncoding RNA00265 Enhances Cell Viability and Metastasis via Targeting miR-485-5p/USP22 Axis in Osteosa
PMC9149256,Frontiers in Oncology,2022,10.3389/fonc.2022.873175,by,1,1,1,289,329,1222,1,0,MRI-Based Risk Assessment for Incomplete Resection of Brain Metastases
PMC9253417,Frontiers in Oncology,2022,10.3389/fonc.2022.910335,by,1,1,1,139,241,358,0,0,Emerging Therapies in Penile Cancer
PMC9163393,Frontiers in Oncology,2022,10.3389/fonc.2022.904887,by,1,1,0,226,279,0,0,0,The Metabolic and Non-Metabolic Roles of UCK2 in Tumor Progression
PMC8816937,Cell Death & Disease,2022,10.1038/s41419-022-04563-9,by,1,1,1,248,759,654,1,0,HBx increases chromatin accessibility and ETV4 expression to regulate dishevelled-2 and promote HCC progression
PMC8827084,Cell Death & Disease,2022,10.1038/s41419-022-04588-0,by,1,1,1,263,569,1267,1,1,Myocardin/microRNA-30a/Beclin1 signaling controls the phenotypic modulation of vascular smooth muscle cells by regulatin
PMC8636636,Cell Death & Disease,2021,10.1038/s41419-021-04409-w,by,1,1,1,216,366,1034,1,1,Cancer-associated fibroblast-derived exosomal miR-18b promotes breast cancer invasion and metastasis by regulating TCEAL
PMC8986865,Cell Death & Disease,2022,,,0,0,0,0,0,0,0,0,ERROR HTTPError
PMC8664940,Cell Death & Disease,2021,10.1038/s41419-021-04448-3,by,1,1,1,133,571,437,1,1,Rho-GEF Trio regulates osteosarcoma progression and osteogenic differentiation through Rac1 and RhoA
PMC9177864,Cell Death & Disease,2022,10.1038/s41419-022-04959-7,by,1,1,1,230,504,635,1,0,Paradoxical role of β8 integrin on angiogenesis and vasculogenic mimicry in glioblastoma
PMC8516872,Cell Death & Disease,2021,10.1038/s41419-021-04217-2,by,1,1,1,214,487,988,1,0,Diet-induced obesity accelerates oral carcinogenesis by recruitment and functional enhancement of myeloid-derived suppre
PMC8964813,Cell Death & Disease,2022,10.1038/s41419-022-04703-1,by,1,1,1,166,362,645,1,0,Bone marrow mesenchymal stem cell-derived exosomal microRNA-381-3p alleviates vascular calcification in chronic kidney d
PMC8674332,Cell Death & Disease,2021,10.1038/s41419-021-04454-5,by,1,1,1,261,384,795,1,1,Early senescence and production of senescence-associated cytokines are major determinants of radioresistance in head-and
PMC8328816,Cell Death & Disease,2021,10.1038/s41419-021-04058-z,by,1,1,0,153,313,0,1,0,Thromboembolism after COVID-19 vaccine in patients with preexisting thrombocytopenia
PMC8858315,Cell Death & Disease,2022,10.1038/s41419-022-04613-2,by,1,1,1,226,355,590,1,1,PINK1-parkin-mediated neuronal mitophagy deficiency in prion disease
PMC8536684,Cell Death & Disease,2021,10.1038/s41419-021-04239-w,by,1,1,1,292,522,684,1,0,"Smooth muscle 22 alpha protein inhibits VSMC foam cell formation by supporting normal LXRα signaling, ameliorating ather"
PMC8613192,Cell Death & Disease,2021,10.1038/s41419-021-04396-y,by,1,1,1,262,461,1307,1,1,Interactions between gastric microbiota and metabolites in gastric cancer
PMC9039072,Cell Death & Disease,2022,10.1038/s41419-022-04858-x,by,1,1,1,180,300,800,1,1,Ageing related thyroid deficiency increases brain-targeted transport of liver-derived ApoE4-laden exosomes leading to co
PMC8976840,Cell Death & Disease,2022,10.1038/s41419-022-04746-4,by,1,1,1,212,430,1293,1,1,Ultrastructural and proteomic profiling of mitochondria-associated endoplasmic reticulum membranes reveal aging signatur
PMC8891313,Cell Death & Disease,2022,10.1038/s41419-022-04648-5,by,0,0,0,0,0,0,0,0,Correction to: CHD1L prevents lipopolysaccharide-induced hepatocellular carcinomar cell death by activating hnRNP A2/B1-
PMC9205887,Cell Death & Disease,2022,10.1038/s41419-022-04995-3,by,1,1,1,207,427,679,1,1,Ellagic acid improves benign prostate hyperplasia by regulating androgen signaling and STAT3
PMC9035152,Cell Death & Disease,2022,10.1038/s41419-022-04824-7,by,1,1,1,202,396,674,1,0,Autophagy guards tendon homeostasis
PMC8980056,Cell Death & Disease,2022,10.1038/s41419-022-04758-0,by,1,1,1,286,576,1466,1,1,RAGE-TXNIP axis drives inflammation in Alzheimer’s by targeting Aβ to mitochondria in microglia
PMC9061831,Cell Death & Disease,2022,10.1038/s41419-022-04883-w,by,1,1,0,156,687,70,0,0,"Types of necroinflammation, the effect of cell death modalities on sterile inflammation"
PMC8548556,Cell Death & Disease,2021,10.1038/s41419-021-04219-0,by,0,0,0,0,0,0,0,0,Correction: Constitutive BAK/MCL1 complexes predict paclitaxel and S63845 sensitivity of ovarian cancer
PMC8692627,Cell Death & Disease,2021,10.1038/s41419-021-04472-3,by,1,1,0,140,347,0,0,0,"Deciphering the tRNA-derived small RNAs: origin, development, and future"
PMC8748975,Cell Death & Disease,2022,10.1038/s41419-021-04424-x,by,1,1,1,175,271,764,1,1,Microglial replacement in the aged brain restricts neuroinflammation following intracerebral hemorrhage
PMC8960781,Cell Death & Disease,2022,10.1038/s41419-022-04716-w,by,1,1,1,259,502,1300,1,1,Hepatic deficiency of selenoprotein S exacerbates hepatic steatosis and insulin resistance
PMC8831621,Cell Death & Disease,2022,10.1038/s41419-022-04580-8,by,1,1,1,271,309,622,1,0,Genetic and pharmacological inhibition of XBP1 protects against APAP hepatotoxicity through the activation of autophagy
PMC8748816,Cell Death & Disease,2022,10.1038/s41419-021-04492-z,by,1,1,1,151,378,813,1,0,RSL1D1 promotes the progression of colorectal cancer through RAN-mediated autophagy suppression
PMC8931067,Cell Death & Disease,2022,10.1038/s41419-022-04706-y,by,0,0,0,0,0,0,0,0,Correction: Hypoxia-induced ZEB1 promotes cervical cancer progression via CCL8-dependent tumour-associated macrophage re
PMC8811067,Cell Death & Disease,2022,10.1038/s41419-022-04538-w,by,1,1,1,156,456,907,1,1,BMI1 nuclear location is critical for RAD51-dependent response to replication stress and drives chemoresistance in breas
PMC8599864,Cell Death & Disease,2021,10.1038/s41419-021-04369-1,by,1,1,1,128,876,1190,1,0,TMEM116 is required for lung cancer cell motility and metastasis through PDK1 signaling pathway
PMC9065155,Cell Death & Disease,2022,10.1038/s41419-022-04873-y,by,1,1,1,193,856,822,1,0,Somatic FOXC1 insertion mutation remodels the immune microenvironment and promotes the progression of childhood acute ly
PMC8514492,Cell Death & Disease,2021,10.1038/s41419-021-04226-1,by,1,1,1,271,399,727,1,0,PARK7 promotes repair in early steroid-induced osteonecrosis of the femoral head by enhancing resistance to stress-induc
PMC9237060,Cell Death & Disease,2022,10.1038/s41419-022-05017-y,by,1,1,1,240,424,751,1,1,The sodium/myo-inositol co-transporter SLC5A3 promotes non-small cell lung cancer cell growth
PMC8651821,Cell Death & Disease,2021,10.1038/s41419-021-04429-6,by,1,1,1,299,327,780,1,0,TTK inhibition increases cisplatin sensitivity in high-grade serous ovarian carcinoma through the mTOR/autophagy pathway
PMC8514551,Cell Death & Disease,2021,10.1038/s41419-021-04224-3,by,1,1,1,297,654,1345,1,0,p53 isoforms differentially impact on the POLι dependent DNA damage tolerance pathway
PMC8940903,Cell Death & Disease,2022,10.1038/s41419-022-04707-x,by,1,1,1,158,615,1032,1,1,UPF1 contributes to the maintenance of endometrial cancer stem cell phenotype by stabilizing LINC00963
PMC8497537,Cell Death & Disease,2021,10.1038/s41419-021-04198-2,by,1,1,1,261,614,1074,1,1,Sulforaphane downregulated fatty acid synthase and inhibited microtubule-mediated mitophagy leading to apoptosis
PMC8523548,Cell Death & Disease,2021,10.1038/s41419-021-04259-6,by,1,1,1,257,266,568,0,1,Inhibiting microcephaly genes as alternative to microtubule targeting agents to treat brain tumors
PMC9632251,Cell Death & Disease,2021,10.1038/s41419-021-04412-1,by,1,1,1,257,445,1466,1,1,Enriched environment and visual stimuli protect the retinal pigment epithelium and photoreceptors in a mouse model of no
PMC8983684,Cell Death & Disease,2022,10.1038/s41419-022-04562-w,by,1,1,1,178,575,859,1,1,Combining adoptive NK cell infusion with a dopamine-releasing peptide reduces senescent cells in aged mice
PMC8810793,Cell Death & Disease,2022,10.1038/s41419-022-04554-w,by,1,1,1,189,575,775,1,1,The feedback loop of ANKHD1/lncRNA MALAT1/YAP1 strengthens the radioresistance of CRC by activating YAP1/AKT signaling
PMC8917188,Cell Death & Disease,2022,10.1038/s41419-022-04679-y,by,1,1,1,170,478,871,1,1,Oxidative phosphorylation promotes vascular calcification in chronic kidney disease
PMC9010460,Cell Death & Disease,2022,10.1038/s41419-022-04808-7,by,1,1,1,229,568,1143,1,0,USP15 negatively regulates lung cancer progression through the TRAF6-BECN1 signaling axis for autophagy induction
PMC8993870,Cell Death & Disease,2022,10.1038/s41419-022-04764-2,by,1,1,1,261,441,834,1,1,HucMSC-derived exosomes delivered BECN1 induces ferroptosis of hepatic stellate cells via regulating the xCT/GPX4 axis
PMC8897397,Cell Death & Disease,2022,10.1038/s41419-022-04632-z,by,1,1,1,209,526,935,1,1,Zeb1-induced metabolic reprogramming of glycolysis is essential for macrophage polarization in breast cancer
PMC9021290,Cell Death & Disease,2022,10.1038/s41419-022-04789-7,by,1,1,1,309,621,1229,1,1,Implication of autophagy in the antifibrogenic effect of Rilpivirine: when more is less
PMC8994751,Cell Death & Disease,2022,10.1038/s41419-022-04781-1,by,1,1,1,178,560,858,1,1,USP26 promotes anaplastic thyroid cancer progression by stabilizing TAZ
PMC9226026,Cell Death & Disease,2022,10.1038/s41419-022-04962-y,by,1,1,1,232,522,1041,1,1,Pentraxin 3 regulated by miR-224-5p modulates macrophage reprogramming and exacerbates osteoarthritis associated synovit
PMC8556256,Cell Death & Disease,2021,10.1038/s41419-021-04331-1,by,1,1,1,228,603,683,1,1,A missense mutation in Pitx2 leads to early-onset glaucoma via NRF2-YAP1 axis
PMC8417031,Cell Death & Disease,2021,10.1038/s41419-021-04107-7,by,1,1,1,189,409,743,1,0,PPFIBP1 induces glioma cell migration and invasion through FAK/Src/JNK signaling pathway
PMC8502176,Cell Death & Disease,2021,10.1038/s41419-021-04184-8,by,1,1,1,275,304,1250,1,1,AMPK agonist alleviate renal tubulointerstitial fibrosis via activating mitophagy in high fat and streptozotocin induced
PMC8917189,Cell Death & Disease,2022,10.1038/s41419-022-04698-9,by,0,0,0,0,0,0,0,0,Correction to: Long non-coding RNA SNHG3 promotes progression of gastric cancer by regulating neighboring MED18 gene met
PMC8324794,Cell Death & Disease,2021,10.1038/s41419-021-04041-8,by,1,1,1,245,324,940,1,1,Hippo-YAP/MCP-1 mediated tubular maladaptive repair promote inflammation in renal failed recovery after ischemic AKI
PMC9016066,Cell Death & Disease,2022,10.1038/s41419-022-04822-9,by,1,1,1,176,546,819,1,1,Mesenchymal stem cells empower T cells in the lymph nodes via MCP-1/PD-L1 axis
PMC8487427,Cell Death & Disease,2021,10.1038/s41419-021-04155-z,by,1,1,1,193,516,830,1,0,TGF-β-induced PLEK2 promotes metastasis and chemoresistance in oesophageal squamous cell carcinoma by regulating LCN2
PMC9203801,Cell Death & Disease,2022,10.1038/s41419-022-04750-8,by,1,1,1,257,343,544,1,1,RETRACTED ARTICLE: RUNX3-regulated circRNA METTL3 inhibits colorectal cancer proliferation and metastasis via miR-107/PE
PMC8944090,BMC Medicine,2022,10.1186/s12916-022-02293-5,by,1,1,1,349,536,2298,1,1,The relationships between women’s reproductive factors: a Mendelian randomisation analysis
PMC7360379,BMC Medicine,2020,10.1186/s12916-020-01682-y,by,1,1,1,213,262,126,0,1,Could hemophagocytic lymphohistiocytosis be the core issue of severe COVID-19 cases?
PMC8431919,BMC Medicine,2021,10.1186/s12916-021-02081-7,by,1,1,1,154,267,866,0,0,Reproductive issues in carriers of germline pathogenic variants in the BRCA1/2 genes: an expert meeting
PMC9008920,BMC Medicine,2022,10.1186/s12916-022-02318-z,by,1,1,1,388,597,1731,1,0,Predicting the earliest deviation in weight gain in the course towards manifest overweight in offspring exposed to obesi
PMC8045233,BMC Medicine,2021,10.1186/s12916-021-01959-w,by,1,1,1,309,269,1281,1,1,"Novel associations between parental and newborn cord blood metabolic profiles in the Norwegian Mother, Father and Child "
PMC7450597,BMC Medicine,2020,10.1186/s12916-020-01695-7,by,1,1,1,288,527,2153,1,1,Comparing stroke prevention therapy of direct oral anticoagulants and vitamin K antagonists in patients with atrial fibr
PMC7654011,BMC Medicine,2020,10.1186/s12916-020-01778-5,by,1,1,1,351,702,1419,1,0,Mendelian randomization study of inflammatory bowel disease and bone mineral density
PMC7227089,BMC Medicine,2020,10.1186/s12916-020-01575-0,by,1,1,1,313,696,1510,1,0,Spatial heterogeneity and socioeconomic determinants of opioid prescribing in England between 2015 and 2018
PMC8579670,BMC Medicine,2021,10.1186/s12916-021-02128-9,by,1,1,1,298,501,1620,1,1,"Durations of asymptomatic, symptomatic, and care-seeking phases of tuberculosis disease with a Bayesian analysis of prev"
PMC6798358,BMC Medicine,2019,10.1186/s12916-019-1435-1,by,1,1,0,336,3883,92,0,0,Psychological primitives can make sense of biopsychosocial factor complexity in psychopathology
PMC7604971,BMC Medicine,2020,10.1186/s12916-020-01765-w,by,1,1,1,251,338,994,1,0,Association between antipsychotic use and acute ischemic heart disease in women but not in men: a retrospective cohort s
PMC9128224,BMC Medicine,2022,10.1186/s12916-022-02381-6,by,1,1,1,358,307,987,1,0,Role of diet in stroke incidence: an umbrella review of meta-analyses of prospective observational studies
PMC8853840,BMC Medicine,2022,10.1186/s12916-022-02290-8,by,1,1,1,297,182,858,1,1,"A single-oral bolus of 100,000 IU of cholecalciferol at hospital admission did not improve outcomes in the COVID-19 dise"
PMC7360476,BMC Medicine,2020,10.1186/s12916-020-01697-5,by,1,1,1,210,315,149,0,0,Polycystic ovary syndrome (PCOS) and COVID-19: an overlooked female patient population at potentially higher risk during
PMC7923515,BMC Medicine,2021,10.1186/s12916-021-01922-9,by,1,1,1,341,247,1642,1,1,"Meat consumption and risk of 25 common conditions: outcome-wide analyses in 475,000 men and women in the UK Biobank stud"
PMC7472582,BMC Medicine,2020,10.1186/s12916-020-01704-9,by,1,1,1,347,678,1280,1,0,Cost-effectiveness of a lifestyle intervention in high-risk individuals for diabetes in a low- and middle-income setting
PMC6849328,BMC Medicine,2019,10.1186/s12916-019-1423-5,by,1,1,1,201,500,787,1,1,Synthetic high-density lipoprotein nanoparticles for the treatment of Niemann–Pick diseases
PMC7057596,BMC Medicine,2020,10.1186/s12916-020-1506-3,by,1,1,1,304,603,949,1,0,Improving the healthcare response to domestic violence and abuse in UK primary care: interrupted time series evaluation 
PMC7106831,BMC Medicine,2020,10.1186/s12916-020-01532-x,by,1,1,1,380,536,579,1,1,Optimising strategies to address mental ill-health in doctors and medical students: ‘Care Under Pressure’ realist review
PMC8638543,BMC Medicine,2021,10.1186/s12916-021-02169-0,by,1,1,1,159,483,1643,1,1,A combined genome-wide association and molecular study of age-related hearing loss in H. sapiens
PMC7251849,BMC Medicine,2020,10.1186/s12916-020-01587-w,by,1,1,1,288,415,1000,1,1,Serum free thiols predict cardiovascular events and all-cause mortality in the general population: a prospective cohort 
PMC7542140,BMC Medicine,2020,10.1186/s12916-020-01736-1,by,1,1,1,339,565,2743,1,1,Immediate and durable effects of maternal tobacco consumption alter placental DNA methylation in enhancer and imprinted 
PMC7890599,BMC Medicine,2021,10.1186/s12916-021-01921-w,by,1,1,1,259,372,1173,1,1,C2HEST score predicts clinical outcomes in heart failure with preserved ejection fraction: a secondary analysis of the T
PMC8166529,BMC Medicine,2021,10.1186/s12916-021-01994-7,by,1,1,1,297,399,1159,1,1,Long-term impact of a conditional cash transfer programme on maternal mortality: a nationwide analysis of Brazilian long
PMC9241220,BMC Medicine,2022,10.1186/s12916-022-02441-x,by,1,1,1,283,570,854,1,0,Helminth antigens differentially modulate the activation of CD4+ and CD8+ T lymphocytes of convalescent COVID-19 patient
PMC9069762,BMC Medicine,2022,10.1186/s12916-022-02335-y,by,1,1,1,235,423,1357,1,1,Shared genetic links between frontotemporal dementia and psychiatric disorders
PMC8114973,BMC Medicine,2021,10.1186/s12916-021-01992-9,by,1,1,1,329,430,1930,1,0,Impact of in-hospital discontinuation with angiotensin receptor blockers or converting enzyme inhibitors on mortality of
PMC6876098,BMC Medicine,2019,10.1186/s12916-019-1464-9,by,1,1,1,206,266,167,0,0,Tackling the triple threats of childhood malnutrition
PMC9164350,BMC Medicine,2022,10.1186/s12916-022-02389-y,by,1,1,1,244,584,1107,1,1,Associations of handgrip strength with morbidity and all-cause mortality of cardiometabolic multimorbidity
PMC8418740,BMC Medicine,2021,10.1186/s12916-021-02111-4,by,0,0,0,0,0,0,0,0,"Correction to: Idiopathic pulmonary fibrosis in BRIC countries: the cases of Brazil, Russia, India, and China"
PMC8889703,BMC Medicine,2022,10.1186/s12916-022-02258-8,by,1,1,1,252,563,801,1,0,Deep learning radiomics based on contrast-enhanced ultrasound images for assisted diagnosis of pancreatic ductal adenoca
PMC8919544,BMC Medicine,2022,10.1186/s12916-022-02280-w,by,1,1,1,283,633,1286,1,0,"Predictive validity of the Stopping Elderly Accidents, Deaths & Injuries (STEADI) program fall risk screening algorithms"
PMC7734856,BMC Medicine,2020,10.1186/s12916-020-01849-7,by,1,1,1,344,467,1503,1,1,The impact of HIV infection on tuberculosis transmission in a country with low tuberculosis incidence: a national retros
PMC8986451,BMC Medicine,2022,10.1186/s12916-022-02311-6,by,1,1,1,270,547,962,1,1,The compensatory reserve index predicts recurrent shock in patients with severe dengue
PMC8008592,BMC Medicine,2021,10.1186/s12916-021-01952-3,by,1,1,1,324,333,1095,1,0,Dietary intake of trans fatty acids and breast cancer risk in 9 European countries
PMC7358323,BMC Medicine,2020,10.1186/s12916-020-01645-3,by,1,1,1,226,282,796,1,1,Epidemiology and short-term outcomes of acute kidney injury among patients in the intensive care unit in Laos: a nationw
PMC8606250,BMC Medicine,2021,10.1186/s12916-021-02150-x,by,1,1,1,320,743,1332,1,1,"Safety, infectivity and immunogenicity of a genetically attenuated blood-stage malaria vaccine"
PMC7863260,BMC Medicine,2021,10.1186/s12916-021-01903-y,by,1,1,1,286,369,2005,1,0,Genome-wide genetic links between amyotrophic lateral sclerosis and autoimmune diseases
PMC7025413,BMC Medicine,2020,10.1186/s12916-020-1496-1,by,1,1,1,337,400,966,1,1,C-reactive protein as a potential biomarker for disease progression in dengue: a multi-country observational study
PMC8422631,BMC Medicine,2021,10.1186/s12916-021-02064-8,by,1,1,1,366,380,1333,1,1,Renal function and lipid metabolism are major predictors of circumpapillary retinal nerve fiber layer thickness—the LIFE
PMC7604922,BMC Medicine,2020,10.1186/s12916-020-01811-7,by,0,1,0,0,269,0,0,0,Cardiovascular risk management in patients using antipsychotics: it is time to take action
PMC8969236,BMC Medicine,2022,10.1186/s12916-022-02301-8,by,1,1,0,236,312,103,0,0,Immune responses in the irritable bowel syndromes: time to consider the small intestine
PMC8753909,BMC Medicine,2022,10.1186/s12916-021-02198-9,by,1,1,1,382,532,1349,1,1,Interaction of obesity polygenic score with lifestyle risk factors in an electronic health record biobank
PMC8431904,BMC Medicine,2021,10.1186/s12916-021-02094-2,by,0,1,1,483,311,1433,1,0,"Patient and health provider costs of integrated HIV, diabetes and hypertension ambulatory health services in low-income "
PMC8900374,BMC Medicine,2022,10.1186/s12916-022-02265-9,by,1,1,1,369,170,1178,1,1,Haematological consequences of acute uncomplicated falciparum malaria: a WorldWide Antimalarial Resistance Network poole
PMC8460316,BMC Medicine,2021,10.1186/s12916-021-02119-w,by,1,1,1,197,190,688,0,1,The risk of COVID-19 in survivors of domestic violence and abuse
PMC8865498,BMC Medicine,2022,10.1186/s12916-022-02297-1,by,1,1,1,231,573,1191,1,0,The University of Padua salivary-based SARS-CoV-2 surveillance program minimized viral transmission during the second an
PMC8344166,BMC Medicine,2021,10.1186/s12916-021-02045-x,by,1,1,1,291,710,1414,1,0,Adverse childhood experiences and child mental health: an electronic birth cohort study
PMC7861967,BMC Medicine,2021,10.1186/s12916-020-01872-8,by,1,1,1,381,367,1525,1,1,The impact of non-pharmaceutical interventions on SARS-CoV-2 transmission across 130 countries and territories
PMC8461893,BMC Medicine,2021,10.1186/s12916-021-02093-3,by,1,1,1,345,687,1640,1,1,Elevated risk of attention deficit hyperactivity disorder (ADHD) in Japanese children with higher genetic susceptibility
PMC7702702,BMC Medicine,2020,10.1186/s12916-020-01823-3,by,1,1,1,362,651,1012,1,1,Machine learning approaches classify clinical malaria outcomes based on haematological parameters
PMC9109385,BMC Medicine,2022,10.1186/s12916-022-02371-8,by,1,1,1,352,900,1926,1,1,Ten years of tracking mental health in refugee primary health care settings: an updated analysis of data from UNHCR’s He
PMC6945609,BMC Medicine,2020,10.1186/s12916-019-1470-y,by,1,1,1,284,680,1355,1,1,Mass cytometry analysis reveals a distinct immune environment in peritoneal fluid in endometriosis: a characterisation s
PMC7476792,BMC Medicine,2020,10.1186/s12916-020-01755-y,by,0,1,1,0,260,575,0,0,Preparing for a pandemic: highlighting themes for research funding and practice—perspectives from the Global Research Co
PMC9014562,BMC Medicine,2022,10.1186/s12916-022-02319-y,by,1,1,1,238,545,1325,1,0,"Circulating inflammatory biomarkers, adipokines and breast cancer risk—a case-control study nested within the EPIC cohor"
PMC9213531,Scientific Reports,2022,10.1038/s41598-022-14088-y,by,1,1,1,160,1277,218,0,0,Full-state time-varying asymmetric constraint control for non-strict feedback nonlinear systems based on dynamic surface
PMC9209510,Scientific Reports,2022,10.1038/s41598-022-13492-8,by,1,1,1,169,842,405,1,1,Scanning near-field optical spectroscopy and carrier transport based analysis in mesoscopic regions for two-dimensional 
PMC9213454,Scientific Reports,2022,10.1038/s41598-022-13022-6,by,1,1,1,225,684,1795,1,0,Insulin signaling shapes fractal scaling of C. elegans behavior
PMC9246870,Scientific Reports,2022,10.1038/s41598-022-15026-8,by,1,1,1,333,1650,285,1,0,Mitigation of jet cross-flow induced vibrations using an innovative biomimetic nozzle design inspired by shark gill geom
PMC9213540,Scientific Reports,2022,10.1038/s41598-022-13660-w,by,1,1,1,202,608,606,1,1,HIF-1α-mediated augmentation of miRNA-18b-5p facilitates proliferation and metastasis in osteosarcoma through attenuatio
PMC9247076,Scientific Reports,2022,10.1038/s41598-022-15135-4,by,1,1,1,222,888,535,1,1,Acetone sensing in liquid and gas phases using cyclic voltammetry
PMC9206397,Scientific Reports,2022,10.1038/s41598-022-13258-2,by,1,1,1,200,388,1882,1,0,Combining host and vector data informs emergence and potential impact of an Usutu virus outbreak in UK wild birds
PMC9217815,Scientific Reports,2022,10.1038/s41598-022-14241-7,by,1,1,1,209,800,746,1,1,"The impact of Rhodiola rosea on biomarkers of diabetes, inflammation, and microbiota in a leptin receptor-knockout mouse"
PMC9217982,Scientific Reports,2022,10.1038/s41598-022-14485-3,by,1,1,1,158,231,1014,1,1,One anastomosis gastric bypass as a one-stage bariatric surgical procedure in patients with BMI ≥ 50 kg/m2
PMC9232493,Scientific Reports,2022,10.1038/s41598-022-14735-4,by,1,1,0,156,2716,0,0,0,A phase-field model by an Ising machine and its application to the phase-separation structure of a diblock polymer
PMC9240056,Scientific Reports,2022,10.1038/s41598-022-15113-w,by,1,1,1,225,332,1022,1,0,Comparison of angiographic outcomes and complication rates of WEB embolization and coiling for treatment of unruptured b
PMC9226126,Scientific Reports,2022,10.1038/s41598-022-14752-3,by,1,1,1,343,1384,2212,1,1,Reduced and delayed myelination and volume of corpus callosum in an animal model of Fetal Alcohol Spectrum Disorders par
PMC9212202,Scientific Reports,2022,10.1038/s41598-022-13443-3,by,1,1,1,185,377,1343,1,0,COVID-19 associated mucormycosis in Assiut University Hospitals: a multidisciplinary dilemma
PMC9203524,Scientific Reports,2022,10.1038/s41598-022-13896-6,by,1,1,1,204,632,1092,1,1,"Implications for fault locking south of Jakarta from an investigation of seismic activity along the Baribis fault, north"
PMC9226052,Scientific Reports,2022,10.1038/s41598-022-14406-4,by,1,1,1,208,1000,2304,1,1,Complex trans-ridge normal faults controlling large earthquakes
PMC9240090,Scientific Reports,2022,10.1038/s41598-022-14594-z,by,1,1,1,111,683,2901,1,0,Magneto-optical Kerr effect in surface engineered 2D hexagonal boron nitride
PMC9205997,Scientific Reports,2022,10.1038/s41598-022-14535-w,by,1,1,1,175,171,1070,1,0,Prognostic implications of structural heart disease and premature ventricular contractions in recovery of exercise
PMC9232529,Scientific Reports,2022,10.1038/s41598-022-13072-w,by,1,1,1,162,941,758,1,1,Preparing for the next pandemic via transfer learning from existing diseases with hierarchical multi-modal BERT: a study
PMC9213499,Scientific Reports,2022,10.1038/s41598-022-14079-z,by,1,1,1,237,369,520,1,0,Identification of mutant gene for Black crystal coat and non-allelic gene interactions in Neogale vison
PMC9217817,Scientific Reports,2022,10.1038/s41598-022-14749-y,by,1,1,1,235,362,1023,1,0,Pharmacological thromboprophylaxis as a risk factor for early periprosthetic joint infection following primary total joi
PMC9232605,Scientific Reports,2022,10.1038/s41598-022-14924-1,by,1,1,1,194,874,933,1,1,Integrating variant functional annotation scores have varied abilities to improve power of genome-wide association studi
PMC9243004,Scientific Reports,2022,10.1038/s41598-022-15206-6,by,1,1,1,238,451,736,1,0,Identification of a differentiation-related prognostic nomogram based on single-cell RNA sequencing in clear cell renal 
PMC9237122,Scientific Reports,2022,10.1038/s41598-022-14740-7,by,1,1,0,165,844,0,1,1,A unifying physically meaningful relativistic action
PMC9217952,Scientific Reports,2022,10.1038/s41598-022-14081-5,by,1,1,1,344,1265,1675,1,0,Participatory mapping identifies risk areas and environmental predictors of endemic anthrax in rural Africa
PMC9205868,Scientific Reports,2022,10.1038/s41598-022-13766-1,by,1,1,1,192,797,2472,1,1,Enhancing the mechanical properties and providing bioactive potential for graphene oxide/montmorillonite hybrid dental r
PMC9243105,Scientific Reports,2022,10.1038/s41598-022-15031-x,by,1,1,1,266,907,351,1,1,Experimental and simulation study on aluminium alloy piston based on thermal barrier coating
PMC9237094,Scientific Reports,2022,10.1038/s41598-022-14463-9,by,1,1,1,197,667,1017,1,1,Efficient transdermal delivery of functional protein cargoes by a hydrophobic peptide MTD 1067
PMC9246880,Scientific Reports,2022,10.1038/s41598-022-14958-5,by,1,1,1,201,702,2045,1,1,Simulation-based evaluation of two insect trapping grids for delimitation surveys
PMC9246853,Scientific Reports,2022,10.1038/s41598-022-13402-y,by,1,1,0,190,4160,0,0,0,Earliest giant panda false thumb suggests conflicting demands for locomotion and feeding
PMC9243089,Scientific Reports,2022,10.1038/s41598-022-15112-x,by,1,1,0,176,352,111,0,0,A hybrid explicit implicit staggered grid finite-difference scheme for the first-order acoustic wave equation modeling
PMC9205975,Scientific Reports,2022,10.1038/s41598-022-14903-6,by,1,1,1,284,767,704,0,1,A novel approach GRNTSTE to reconstruct gene regulatory interactions applied to a case study for rat pineal rhythm gene
PMC9237081,Scientific Reports,2022,10.1038/s41598-022-14222-w,by,1,1,1,250,272,798,1,0,Real-world treatment pattern and comprehensive comparative effectiveness of Endostar plus different chemotherapy in adva
PMC9240037,Scientific Reports,2022,10.1038/s41598-022-15212-8,by,1,1,1,207,357,773,1,0,Prospective bidirectional associations between depression and chronic kidney diseases
PMC9247105,Scientific Reports,2022,10.1038/s41598-022-14929-w,by,1,1,1,187,345,447,1,0,Observations of boundary layer wind and turbulence of a landfalling tropical cyclone
PMC9209437,Scientific Reports,2022,10.1038/s41598-022-14437-x,by,1,1,1,378,959,699,1,1,Probing Notch1-Dll4 signaling in regulating osteogenic differentiation of human mesenchymal stem cells using single cell
PMC9226359,Scientific Reports,2022,10.1038/s41598-022-14793-8,by,1,1,1,297,928,803,0,0,Evaluating CO2 breakthrough in a shaly caprock material: a multi-scale experimental approach
PMC9209442,Scientific Reports,2022,10.1038/s41598-022-14593-0,by,1,1,1,224,758,1596,1,0,"Appraisal of growth inhibitory, biochemical and genotoxic effects of Allyl Isothiocyanate on different developmental sta"
PMC9226110,Scientific Reports,2022,10.1038/s41598-022-14750-5,by,1,1,1,202,967,1884,1,0,Understanding Necrosol pedogenetical processes in post-Roman burials developed on dunes sands
PMC9209451,Scientific Reports,2022,10.1038/s41598-022-14320-9,by,1,1,1,214,612,2437,1,1,Calpain cleavage of Junctophilin-2 generates a spectrum of calcium-dependent cleavage products and DNA-rich NT1-fragment
PMC9217927,Scientific Reports,2022,10.1038/s41598-022-14673-1,by,1,1,1,201,509,1021,1,1,The speed acuity test as a diagnostic aid in cerebral visual impairment
PMC9205911,Scientific Reports,2022,10.1038/s41598-022-14410-8,by,1,1,0,236,479,119,1,0,Biofinder detects biological remains in Green River fish fossils from Eocene epoch at video speed
PMC9206679,Scientific Reports,2022,10.1038/s41598-022-14205-x,by,1,1,0,180,645,0,1,1,Determination of sequence and absolute configuration of peptide amino acids by HPLC–MS/CD-based detection of liberated N
PMC9246955,Scientific Reports,2022,10.1038/s41598-022-13472-y,by,1,1,1,195,794,801,1,1,Riluzole regulates pancreatic cancer cell metabolism by suppressing the Wnt-β-catenin pathway
PMC9247165,Scientific Reports,2022,10.1038/s41598-022-15402-4,by,1,1,1,149,1030,1212,1,0,Characterization of nanofluids using multifractal analysis of a liquid droplet trace
PMC9209532,Scientific Reports,2022,10.1038/s41598-022-14421-5,by,1,1,1,197,397,957,1,0,Super-resolution generative adversarial networks with static T2*WI-based subject-specific learning to improve spatial di
PMC9209413,Scientific Reports,2022,10.1038/s41598-022-13895-7,by,1,1,1,198,1029,1914,1,0,The double-edged sword of inducible defences: costs and benefits of maladaptive switching from the individual to the com
PMC9233708,Scientific Reports,2022,10.1038/s41598-022-15030-y,by,1,1,1,242,989,430,1,0,Determination of roughness coefficient in 3D digital representations of rocks
PMC9213419,Scientific Reports,2022,10.1038/s41598-022-13913-8,by,1,1,1,287,353,683,1,1,"Hilab system, a new point-of-care hematology analyzer supported by the Internet of Things and Artificial Intelligence"
PMC9243095,Scientific Reports,2022,10.1038/s41598-022-15052-6,by,1,1,1,205,1035,1216,1,0,"HEAT SHOCK TRANSCRIPTION FACTOR B2b acts as a transcriptional repressor of VIN3, a gene induced by long-term cold for fl"
PMC9206010,Scientific Reports,2022,10.1038/s41598-022-14467-5,by,1,1,1,136,635,1291,1,0,Streamlined and quantitative detection of chimerism using digital PCR
PMC9217956,Scientific Reports,2022,10.1038/s41598-022-14052-w,by,1,1,1,194,950,376,1,0,HDAC6 is a prognostic biomarker that mediates IL-13 expression to regulate macrophage polarization through AP-1 in oral 
PMC9243064,Scientific Reports,2022,10.1038/s41598-022-14701-0,by,1,1,1,201,320,1488,1,1,Lean non-alcoholic fatty liver disease (Lean-NAFLD) and the development of metabolic syndrome: a retrospective study
PMC9205925,Scientific Reports,2022,10.1038/s41598-022-12870-6,by,1,1,1,210,549,1743,1,1,Functional HLA-C expressing trophoblast spheroids as a model to study placental–maternal immune interactions during huma
PMC9205987,Scientific Reports,2022,10.1038/s41598-022-14892-6,by,0,0,0,0,0,0,0,0,Publisher Correction: Guiding cell migration in 3D with high-resolution photografting
PMC9226186,Scientific Reports,2022,10.1038/s41598-022-14663-3,by,1,1,1,203,440,1369,1,1,Canine root/cortical bone relation (CRCR) and the orthodontic tooth movement
PMC9117662,Nature Communications,2022,10.1038/s41467-022-30433-1,by,1,1,0,106,9306,0,0,1,Autophagy regulation by RNA alternative splicing and implications in human diseases
PMC9170684,Nature Communications,2022,10.1038/s41467-022-29656-z,by,1,1,1,148,598,1425,1,0,Diversity of spatiotemporal coding reveals specialized visual processing streams in the mouse cortex
PMC9240025,Nature Communications,2022,10.1038/s41467-022-31547-2,by,1,1,1,160,1263,166,1,1,Anionic polymerization of nonaromatic maleimide to achieve full-color nonconventional luminescence
PMC9160067,Nature Communications,2022,10.1038/s41467-022-30683-z,by,1,1,1,164,1458,543,1,1,From subcritical behavior to a correlation-induced transition in rumor models
PMC9151764,Nature Communications,2022,10.1038/s41467-022-30419-z,by,1,1,1,199,2587,2214,1,0,"Switches, stability and reversals in the evolutionary history of sexual systems in fish"
PMC9232534,Nature Communications,2022,10.1038/s41467-022-31359-4,by,1,1,1,169,592,141,1,1,Visible light-controlled living cationic polymerization of methoxystyrene
PMC9237045,Nature Communications,2022,10.1038/s41467-022-31322-3,by,1,1,1,157,652,1183,1,0,Frequency and mechanisms of LINE-1 retrotransposon insertions at CRISPR/Cas9 sites
PMC9156689,Nature Communications,2022,10.1038/s41467-022-30704-x,by,1,1,1,152,1169,1817,1,0,Dosage-sensitive miRNAs trigger modulation of gene expression during genomic imbalance in maize
PMC9163154,Nature Communications,2022,10.1038/s41467-022-29890-5,by,1,1,1,140,1296,401,1,0,A global comparison of building decarbonization scenarios by 2050 towards 1.5–2 °C targets
PMC9206016,Nature Communications,2022,10.1038/s41467-022-31178-7,by,1,1,0,100,344,101,1,1,Electrochemically driven regioselective C−H phosphorylation of group 8 metallocenes
PMC9133109,Nature Communications,2022,10.1038/s41467-022-30467-5,by,1,1,1,166,528,2925,1,0,Chondroitin sulfate proteoglycans prevent immune cell phenotypic conversion and inflammation resolution via TLR4 in rode
PMC9184521,Nature Communications,2022,10.1038/s41467-022-30829-z,by,1,1,0,155,563,0,1,0,Slowdown of photoexcited spin dynamics in the non-collinear spin-ordered phases in skyrmion host GaV4S8
PMC9117672,Nature Communications,2022,10.1038/s41467-022-30394-5,by,1,1,1,149,1141,2396,1,0,Tempo and drivers of plant diversification in the European mountain system
PMC9209528,Nature Communications,2022,10.1038/s41467-022-31062-4,by,1,1,1,153,691,863,1,1,Revealing the human mucinome
PMC9142584,Nature Communications,2022,10.1038/s41467-022-30585-0,by,1,1,1,179,351,904,1,1,Fluent molecular mixing of Tau isoforms in Alzheimer’s disease neurofibrillary tangles
PMC9177552,Nature Communications,2022,10.1038/s41467-022-30813-7,by,1,1,0,163,731,0,1,0,Efficient aqueous remote loading of peptides in poly(lactic-co-glycolic acid)
PMC9197933,Nature Communications,2022,10.1038/s41467-022-31072-2,by,1,1,1,149,332,1539,1,0,Brain-wide reconstruction of inhibitory circuits after traumatic brain injury
PMC9205862,Nature Communications,2022,10.1038/s41467-022-31184-9,by,1,1,1,159,727,283,1,0,Secondary through-space interactions facilitated single-molecule white-light emission from clusteroluminogens
PMC9187753,Nature Communications,2022,10.1038/s41467-022-31076-y,by,1,1,0,156,562,0,1,0,Hydrological control of river and seawater lithium isotopes
PMC9187667,Nature Communications,2022,10.1038/s41467-022-31021-z,by,1,1,0,127,536,0,1,1,High-resolution two-dimensional electronic spectroscopy reveals the homogeneous line profile of chromophores solvated in
PMC9169595,Nature Communications,2022,10.1038/s41467-022-30878-4,by,1,1,1,183,779,1363,1,0,Omicron-specific mRNA vaccination alone and as a heterologous booster against SARS-CoV-2
PMC9243032,Nature Communications,2022,10.1038/s41467-022-31189-4,by,1,1,1,154,1043,203,1,1,Two-band optical gain and ultrabright electroluminescence from colloidal quantum dots at 1000 A cm−2
PMC9232485,Nature Communications,2022,10.1038/s41467-022-31273-9,by,1,1,1,154,361,756,1,1,A structural and functional subdivision in central orbitofrontal cortex
PMC9166693,Nature Communications,2022,10.1038/s41467-022-30864-w,by,1,1,1,189,281,1131,1,0,Six-month follow-up of a booster dose of CoronaVac in two single-centre phase 2 clinical trials
PMC9209446,Nature Communications,2022,10.1038/s41467-022-31214-6,by,1,1,0,145,737,0,1,0,Structural basis of template strand deoxyuridine promoter recognition by a viral RNA polymerase
PMC9132894,Nature Communications,2022,10.1038/s41467-022-30634-8,by,1,1,1,162,820,356,1,1,Peptide nano-blanket impedes fibroblasts activation and subsequent formation of pre-metastatic niche
PMC9151786,Nature Communications,2022,10.1038/s41467-022-30771-0,by,1,1,1,161,487,575,1,1,Identification of positive and negative regulators of antiviral RNA interference in Arabidopsis thaliana
PMC9184637,Nature Communications,2022,10.1038/s41467-022-30951-y,by,1,1,1,152,891,218,1,1,Ultra-sensitive polarization-resolved black phosphorus homojunction photodetector defined by ferroelectric domains
PMC9174259,Nature Communications,2022,10.1038/s41467-022-30927-y,by,1,1,1,150,556,220,1,1,Small reorganization energy acceptors enable low energy losses in non-fullerene organic solar cells
PMC9233680,Nature Communications,2022,10.1038/s41467-022-31438-6,by,1,1,1,162,541,1065,1,1,FANCM promotes class I interfering crossovers and suppresses class II non-interfering crossovers in wheat meiosis
PMC9170728,Nature Communications,2022,10.1038/s41467-022-30495-1,by,1,1,1,146,762,1592,1,0,Unraveling the mechanism for paired electrocatalysis of organics with water as a feedstock
PMC9142486,Nature Communications,2022,10.1038/s41467-022-30738-1,by,1,1,0,158,458,0,1,1,ZrTe2/CrTe2: an epitaxial van der Waals platform for spintronics
PMC9132960,Nature Communications,2022,10.1038/s41467-022-30199-6,by,1,1,1,159,812,1267,1,1,"Functional and multiscale 3D structural investigation of brain tissue through correlative in vivo physiology, synchrotro"
PMC9130138,Nature Communications,2022,10.1038/s41467-022-30577-0,by,1,1,1,156,637,1339,1,1,Mechanism of nucleotide discrimination by the translesion synthesis polymerase Rev1
PMC9177837,Nature Communications,2022,10.1038/s41467-022-30879-3,by,1,1,1,183,437,677,1,0,Leukocyte cell-derived chemotaxin 2 is an antiviral regulator acting through the proto-oncogene MET
PMC9156758,Nature Communications,2022,10.1038/s41467-022-30758-x,by,1,1,0,167,648,0,1,1,Cryo-EM structures of human A2ML1 elucidate the protease-inhibitory mechanism of the A2M family
PMC9209539,Nature Communications,2022,10.1038/s41467-022-31174-x,by,1,1,0,144,343,0,1,0,Catalyst-free synthesis of sub-5 nm silicon nanowire arrays with massive lattice contraction and wide bandgap
PMC9163073,Nature Communications,2022,10.1038/s41467-022-30883-7,by,1,1,0,164,907,0,1,1,Aseismic slip and recent ruptures of persistent asperities along the Alaska-Aleutian subduction zone
PMC9127111,Nature Communications,2022,10.1038/s41467-022-30411-7,by,1,1,1,166,606,181,1,1,Kinetically restrained oxygen reduction to hydrogen peroxide with nearly 100% selectivity
PMC9203258,Nature Communications,2022,10.1038/s41467-022-31097-7,by,1,1,1,118,392,796,1,0,A global lipid map reveals host dependency factors conserved across SARS-CoV-2 variants
PMC9240075,Nature Communications,2022,10.1038/s41467-022-31292-6,by,1,1,1,148,921,952,1,0,Clonal reconstruction from co-occurrence of vector integration sites accurately quantifies expanding clones in vivo
PMC9203551,Nature Communications,2022,10.1038/s41467-022-30206-w,by,1,1,1,210,634,666,1,0,Study of the doubly charmed tetraquark
PMC9174235,Nature Communications,2022,10.1038/s41467-022-30542-x,by,1,1,1,213,477,388,1,1,Dual chirped microcomb based parallel ranging at megapixel-line rates
PMC9177852,Nature Communications,2022,10.1038/s41467-022-31015-x,by,1,1,1,155,507,1236,1,0,Defining TCRγδ lymphoproliferative disorders by combined immunophenotypic and molecular evaluation
PMC9178016,Nature Communications,2022,10.1038/s41467-022-30990-5,by,1,1,1,149,526,637,1,0,The impact of malaria-protective red blood cell polymorphisms on parasite biomass in children with severe Plasmodium fal
PMC9132997,Nature Communications,2022,10.1038/s41467-022-30697-7,by,1,1,1,102,479,1274,1,0,Rhodium-catalyzed selective direct arylation of phosphines with aryl bromides
PMC9184527,Nature Communications,2022,10.1038/s41467-022-30872-w,by,1,1,1,150,723,1106,1,0,Physiological adaptive traits are a potential allele reservoir for maize genetic progress under challenging conditions
PMC9215144,Nature Communications,2022,10.1038/s41467-022-31307-2,by,0,0,0,0,0,0,0,0,Author Correction: Disease-economy trade-offs under alternative epidemic control strategies
PMC9205936,Nature Communications,2022,10.1038/s41467-022-31065-1,by,0,0,0,0,0,0,0,0,Reply to: Evidence confirms an anthropic origin of Amazonian Dark Earths
PMC9126911,Nature Communications,2022,10.1038/s41467-022-30545-8,by,1,1,1,147,695,649,1,0,Cell cycle gene regulation dynamics revealed by RNA velocity and deep-learning
PMC9123011,Nature Communications,2022,10.1038/s41467-022-30151-8,by,0,0,0,0,0,0,0,0,Reply to “Marine abundance and its prehistoric past in the Baltic”
PMC9203767,Nature Communications,2022,10.1038/s41467-022-31044-6,by,1,1,1,196,837,602,1,0,Catalytical nano-immunocomplexes for remote-controlled sono-metabolic checkpoint trimodal cancer therapy
PMC9130511,Nature Communications,2022,10.1038/s41467-022-30260-4,by,1,1,1,155,638,227,1,1,Ultra-dense dislocations stabilized in high entropy oxide ceramics
PMC9246976,Nature Communications,2022,10.1038/s41467-022-31484-0,by,1,1,1,155,633,168,1,1,Promoting biomass electrooxidation via modulating proton and oxygen anion deintercalation in hydroxide
PMC9188573,Nature Communications,2022,10.1038/s41467-022-31035-7,by,1,1,1,165,597,529,1,1,Antigen glycosylation regulates efficacy of CAR T cells targeting CD19
PMC9075954,eLife,2022,10.7554/eLife.75688.sa2,by,1,1,1,215,1073,2864,1,1,Flexible utilization of spatial- and motor-based codes for the storage of visuo-spatial information
PMC9098221,eLife,2022,10.7554/eLife.73523.sa2,by,1,1,1,188,854,742,1,1,Inositol polyphosphate multikinase physically binds to the SWI/SNF complex and modulates BRG1 occupancy in mouse embryon
PMC8816384,eLife,2022,10.7554/eLife.74557.sa2,by,1,1,1,220,638,1300,1,0,The transcriptional corepressor CTBP-1 acts with the SOX family transcription factor EGL-13 to maintain AIA interneuron 
PMC9129876,eLife,2022,10.7554/eLife.72103.sa2,by,1,1,1,291,397,923,1,0,The DNA sensors AIM2 and IFI16 are SLE autoantigens that bind neutrophil extracellular traps
PMC8940180,eLife,2022,10.7554/eLife.72460.sa2,by,1,1,1,237,1167,2345,1,1,Phylogenomic analyses of echinoid diversification prompt a re-evaluation of their fossil record
PMC9246365,eLife,2022,10.7554/eLife.72083.sa2,by,1,1,1,204,1177,1292,1,1,High-throughput Plasmodium falciparum hrp2 and hrp3 gene deletion typing by digital PCR to monitor malaria rapid diagnos
PMC8751199,eLife,2022,10.7554/eLife.67301.sa2,by,1,1,1,153,654,842,1,1,Human monoclonal antibodies against Staphylococcus aureus surface antigens recognize in vitro and in vivo biofilm
PMC9090334,eLife,2022,10.7554/eLife.73913.sa2,by,1,1,1,202,355,1916,1,0,SDR enzymes oxidize specific lipidic alkynylcarbinols into cytotoxic protein-reactive species
PMC8942468,eLife,2022,10.7554/eLife.69734.sa2,by,1,1,1,218,858,1546,1,0,Dysregulated heparan sulfate proteoglycan metabolism promotes Ewing sarcoma tumor growth
PMC8967382,eLife,2022,10.7554/eLife.74937.sa2,by,1,1,1,200,1178,1713,1,1,First-order visual interneurons distribute distinct contrast and luminance information across ON and OFF pathways to ach
PMC9110028,eLife,2022,10.7554/eLife.75219.sa2,by,1,1,1,152,617,2835,1,1,Kv3.3 subunits control presynaptic action potential waveform and neurotransmitter release at a central excitatory synaps
PMC9213001,eLife,2022,10.7554/eLife.75090.sa2,by,1,1,1,152,696,1953,1,0,Cortical adaptation to sound reverberation
PMC9173744,eLife,2022,10.7554/eLife.74062.sa2,by,1,1,1,195,746,1113,1,0,Fast bacterial growth reduces antibiotic accumulation and efficacy
PMC9262386,eLife,2022,10.7554/eLife.74443.sa2,by,1,1,1,146,434,484,1,0,Efferocytosis of SARS-CoV-2-infected dying cells impairs macrophage anti-inflammatory functions and clearance of apoptot
PMC8923664,eLife,2022,10.7554/eLife.75753.sa2,by,1,1,1,206,759,816,1,0,Fracture healing is delayed in the absence of gasdermin-interleukin-1 signaling
PMC9217133,eLife,2022,10.7554/eLife.75551.sa2,by,1,1,1,186,541,659,1,0,Quantifying concordant genetic effects of de novo mutations on multiple disorders
PMC9249392,eLife,2022,10.7554/eLife.76485.sa2,by,1,1,1,208,532,512,1,1,Visualizing molecules of functional human profilin
PMC8947760,eLife,2022,10.7554/eLife.73360.sa2,by,1,1,1,126,348,1063,1,1,TIGAR deficiency enhances skeletal muscle thermogenesis by increasing neuromuscular junction cholinergic signaling
PMC8923659,eLife,2022,10.7554/eLife.77544,by,0,0,0,21,0,0,0,1,All eyes on attention
PMC8816380,eLife,2022,10.7554/eLife.70207.sa2,by,1,1,1,185,851,893,1,0,Widespread discrepancy in Nnt genotypes and genetic backgrounds complicates granzyme A and other knockout mouse studies
PMC8963886,eLife,2022,10.7554/eLife.74500.sa2,by,1,1,1,126,669,952,1,1,Monkey plays Pac-Man with compositional strategies and hierarchical decision-making
PMC9177150,eLife,2022,10.7554/eLife.72929.sa2,by,1,1,1,218,842,2171,1,1,Lead-OR: A multimodal platform for deep brain stimulation surgery
PMC9177149,eLife,2022,10.7554/eLife.72780.sa2,,0,0,0,0,0,0,0,0,METTL18-mediated histidine methylation of RPL3 modulates translation elongation for proteostasis maintenance
PMC8846590,eLife,2022,10.7554/eLife.74419.sa2,by,1,1,1,173,942,842,1,1,Host-pathogen genetic interactions underlie tuberculosis susceptibility in genetically diverse mice
PMC9150894,eLife,2022,10.7554/eLife.76804.sa2,by,1,1,1,154,766,1744,1,1,The interferon-inducible GTPase MxB promotes capsid disassembly and genome release of herpesviruses
PMC9208754,eLife,2022,10.7554/eLife.76027.sa2,by,1,1,1,182,1065,601,1,1,The role of surface adhesion on the macroscopic wrinkling of biofilms
PMC8959605,eLife,2022,10.7554/eLife.73208.sa2,by,1,1,1,169,752,1929,1,0,Critical role for isoprenoids in apicoplast biogenesis by malaria parasites
PMC8959598,eLife,2022,10.7554/eLife.75466.sa2,by,1,1,1,190,992,1509,1,0,YAP1 activation by human papillomavirus E7 promotes basal cell identity in squamous epithelia
PMC8752094,eLife,2022,10.7554/eLife.70017.sa2,by,1,1,1,199,616,1744,1,1,Directed evolution of the rRNA methylating enzyme Cfr reveals molecular basis of antibiotic resistance
PMC8887902,eLife,2022,10.7554/eLife.69977.sa2,by,1,1,1,150,774,2040,1,1,Left hemisphere dominance for bilateral kinematic encoding in the human brain
PMC9239673,eLife,2022,10.7554/eLife.80552,by,0,0,0,23,0,0,0,1,Taking on SARS-CoV-2
PMC8920507,eLife,2022,10.7554/eLife.68133.sa2,by,1,1,1,159,987,2144,1,1,Coding of chromatic spatial contrast by macaque V1 neurons
PMC9246364,eLife,2022,10.7554/eLife.80416,by,0,0,0,21,0,0,0,0,A squash and a squeeze
PMC8824477,eLife,2022,10.7554/eLife.73516.sa2,by,1,1,1,239,783,1820,1,0,Adaptation of the periplasm to maintain spatial constraints essential for cell envelope processes and cell viability
PMC9110030,eLife,2022,10.7554/eLife.74322.sa2,by,1,1,1,176,931,1618,1,1,Drosophila nicotinic acetylcholine receptor subunits and their native interactions with insecticidal peptide toxins
PMC8837202,eLife,2022,10.7554/eLife.73534.sa2,by,1,1,1,186,612,1214,1,1,The MIDAS domain of AAA mechanoenzyme Mdn1 forms catch bonds with two different substrates
PMC9054131,eLife,2022,10.7554/eLife.76823.sa2,by,1,1,0,147,341,0,1,0,Cryo-EM structure of the human somatostatin receptor 2 complex with its agonist somatostatin delineates the ligand-bindi
PMC9018068,eLife,2022,10.7554/eLife.77393.sa2,by,1,1,1,158,810,1160,1,1,MCMBP promotes the assembly of the MCM2–7 hetero-hexamer to ensure robust DNA replication in human cells
PMC8903825,eLife,2022,10.7554/eLife.77349,by,0,0,0,26,0,0,0,1,Accelerometer-based analyses of animal sleep patterns
PMC8758136,eLife,2022,10.7554/eLife.61389.sa2,by,1,1,1,149,875,2304,1,0,Drosophila p53 isoforms have overlapping and distinct functions in germline genome integrity and oocyte quality control
PMC9333993,eLife,2022,10.7554/eLife.74159.sa2,by,1,1,1,199,742,2962,1,0,Convergent mosaic brain evolution is associated with the evolution of novel electrosensory systems in teleost fishes
PMC8846582,eLife,2022,10.7554/eLife.70521.sa2,by,1,1,1,214,1291,623,1,1,Broca's cerebral asymmetry reflects gestural communication's lateralisation in monkeys (Papio anubis)
PMC8856651,eLife,2022,10.7554/eLife.66646.sa2,by,1,1,0,156,407,0,1,1,A novel gene ZNF862 causes hereditary gingival fibromatosis
PMC8860448,eLife,2022,10.7554/eLife.70921.sa2,by,1,1,1,144,690,1230,1,1,Subcellular proteomics of dopamine neurons in the mouse brain
PMC9170241,eLife,2022,10.7554/eLife.55528.sa2,by,1,1,1,157,695,2611,1,1,Proximal CA1 20–40 Hz power dynamics reflect trial-specific information processing supporting nonspatial sequence memory
PMC8813054,eLife,2022,10.7554/eLife.63998.sa2,by,1,1,1,151,806,1774,1,0,Gut microbe-targeted choline trimethylamine lyase inhibition improves obesity via rewiring of host circadian rhythms
PMC8860446,eLife,2022,10.7554/eLife.75065.sa2,by,1,1,1,164,644,1451,1,1,Rapid odor processing by layer 2 subcircuits in lateral entorhinal cortex
PMC9132575,eLife,2022,10.7554/eLife.72824.sa2,by,1,1,1,238,645,1920,1,0,"Structural, mechanistic, and physiological insights into phospholipase A-mediated membrane phospholipid degradation in P"
PMC9203052,eLife,2022,10.7554/eLife.76391.sa2,by,1,1,1,220,883,582,1,1,Elevated brain-derived cell-free DNA among patients with first psychotic episode – a proof-of-concept study
PMC9177148,eLife,2022,10.7554/eLife.76661.sa2,by,1,1,1,234,410,1411,1,1,Squamation and scale morphology at the root of jawed vertebrates
PMC9042233,eLife,2022,10.7554/eLife.73153.sa2,by,1,1,1,203,766,3035,1,1,"The Digital Brain Bank, an open access platform for post-mortem imaging datasets"
PMC8887895,eLife,2022,10.7554/eLife.73777.sa2,by,1,1,1,181,746,1119,1,0,Chemogenetics defines a short-chain fatty acid receptor gut–brain axis
PMC8865850,eLife,2022,10.7554/eLife.69504.sa2,by,1,1,1,143,708,530,1,1,"PEAR, a flexible fluorescent reporter for the identification and enrichment of successfully prime edited cells"
PMC8979584,eLife,2022,10.7554/eLife.78890,by,1,0,0,102,0,0,0,1,Why both sides of the gender equation matter
PMC8806185,eLife,2022,10.7554/eLife.72458.sa2,by,1,1,1,218,783,837,1,1,An intestinally secreted host factor promotes microsporidia invasion of C. elegans
PMC8525744,PLoS Biology,2021,10.1371/journal.pbio.3001419,,0,0,0,0,0,0,0,0,A field guide to cultivating computational biology
PMC6892554,PLoS Biology,2019,10.1371/journal.pbio.3000530,by,1,1,1,203,677,1515,1,0,Type I interferon limits mast cell–mediated anaphylaxis by controlling secretory granule homeostasis
PMC8284830,PLoS Biology,2021,10.1371/journal.pbio.3001323,by,1,1,1,153,567,1138,1,1,Synaptotagmin-7–mediated activation of spontaneous NMDAR currents is disrupted in bipolar disorder susceptibility varian
PMC9154105,PLoS Biology,2022,10.1371/journal.pbio.3001669,by,1,1,1,219,1246,972,0,0,Recommendations for improving statistical inference in population genomics
PMC7793280,PLoS Biology,2020,10.1371/journal.pbio.3001051,by,1,1,1,186,585,1136,1,0,Regulation of glial size by eicosapentaenoic acid through a novel Golgi apparatus mechanism
PMC8545432,PLoS Biology,2021,10.1371/journal.pbio.3001428.r008,by,1,1,1,151,515,1352,1,1,The novel anti-CRISPR AcrIIA22 relieves DNA torsion in target plasmids and impairs SpyCas9 activity
PMC7081985,PLoS Biology,2020,10.1371/journal.pbio.3000658.r006,by,1,1,1,181,1015,1915,1,0,Neural oscillations in the fronto-striatal network predict vocal output in bats
PMC8509931,PLoS Biology,2021,10.1371/journal.pbio.3001429,by,0,0,0,0,0,0,0,0,Correction: Social Opportunity Produces Brain Changes in Fish
PMC8213133,PLoS Biology,2021,10.1371/journal.pbio.3001293,by,0,0,0,41,0,0,0,0,Atypical and inflexible visual encoding in autism spectrum disorder
PMC8423302,PLoS Biology,2021,10.1371/journal.pbio.3001352,by,1,1,1,156,581,1859,1,0,The antiviral state has shaped the CpG composition of the vertebrate interferome to avoid self-targeting
PMC7447270,PLoS Biology,2020,10.1371/journal.pbio.3000826.r006,by,1,1,1,151,618,1673,1,0,CaMKII controls neuromodulation via neuropeptide gene expression and axonal targeting of neuropeptide vesicles
PMC8568113,PLoS Biology,2021,10.1371/journal.pbio.3001257.r006,by,1,1,1,288,2084,1120,1,1,Fitness costs of female choosiness are low in a socially monogamous songbird
PMC7425987,PLoS Biology,2020,10.1371/journal.pbio.3000792.r006,by,1,1,1,194,490,2025,1,1,Heritable gene expression variability and stochasticity govern clonal heterogeneity in circadian period
PMC7413564,PLoS Biology,2020,10.1371/journal.pbio.3000782.r006,by,1,1,1,266,914,1221,1,1,"Phase separation of Arabidopsis EMB1579 controls transcription, mRNA splicing, and development"
PMC7141696,PLoS Biology,2020,10.1371/journal.pbio.3000688,by,1,1,1,173,605,1418,1,1,Urolithin A exerts antiobesity effects through enhancing adipose tissue thermogenesis in mice
PMC8205123,PLoS Biology,2021,10.1371/journal.pbio.3001282,by,1,0,1,98,0,166,0,0,Promoting inclusive metrics of success and impact to dismantle a discriminatory reward system in science
PMC8136727,PLoS Biology,2021,10.1371/journal.pbio.3000939.r010,by,1,1,1,206,411,899,1,1,Extracellular DJ-1 induces sterile inflammation in the ischemic brain
PMC6786542,PLoS Biology,2019,10.1371/journal.pbio.3000427,by,1,1,1,236,656,1360,1,1,Shaping of a three-dimensional carnivorous trap through modulation of a planar growth mechanism
PMC7094824,PLoS Biology,2020,10.1371/journal.pbio.3000693,by,1,0,0,181,0,0,0,1,Frontloading selectivity: A third way in scientific publishing?
PMC8509860,PLoS Biology,2021,10.1371/journal.pbio.3001406,by,1,1,1,213,879,1488,1,1,Individual bacteria in structured environments rely on phenotypic resistance to phage
PMC9129914,PLoS Biology,2022,10.1371/journal.pbio.3001622,by,1,1,0,135,640,0,1,1,Transcriptome-wide mapping reveals a diverse dihydrouridine landscape including mRNA
PMC7523956,PLoS Biology,2020,10.1371/journal.pbio.3000636.r008,by,1,1,1,301,588,3186,1,0,Millipede genomes reveal unique adaptations during myriapod evolution
PMC7942998,PLoS Biology,2021,10.1371/journal.pbio.3001100,by,1,1,1,102,3685,218,0,1,Rebuild the Academy: Supporting academic mothers during COVID-19 and beyond
PMC7274447,PLoS Biology,2020,10.1371/journal.pbio.3000746,by,1,1,1,169,680,514,1,1,Structure of TBC1D23 N-terminus reveals a novel role for rhodanese domain
PMC9162332,PLoS Biology,2022,10.1371/journal.pbio.3001657.r005,by,0,1,1,430,811,1138,1,1,Multiple molecular events underlie stochastic switching between 2 heritable cell states in fungi
PMC8354472,PLoS Biology,2021,10.1371/journal.pbio.3001309.r006,by,1,1,1,281,584,3295,1,1,Massive colonization of protein-coding exons by selfish genetic elements in Paramecium germline genomes
PMC9116668,PLoS Biology,2022,10.1371/journal.pbio.3001635.r008,by,1,1,1,210,710,659,1,0,Integrin–ECM interactions and membrane-associated Catalase cooperate to promote resilience of the Drosophila intestinal 
PMC8043411,PLoS Biology,2021,10.1371/journal.pbio.3000751.r008,by,1,1,1,263,859,2557,1,1,Neurocognitive processing efficiency for discriminating human non-alarm rather than alarm scream calls
PMC7853530,PLoS Biology,2021,10.1371/journal.pbio.3001043.r006,by,1,1,1,208,1354,1518,1,0,Systematic analyses of the MIR172 family members of Arabidopsis define their distinct roles in regulation of APETALA2 du
PMC8673631,PLoS Biology,2021,10.1371/journal.pbio.3001468,by,1,1,1,262,1124,2139,1,1,"Cysteine and iron accelerate the formation of ribose-5-phosphate, providing insights into the evolutionary origins of th"
PMC6786512,PLoS Biology,2019,10.1371/journal.pbio.3000385,,0,0,0,0,0,0,0,0,"The NIH Open Citation Collection: A public access, broad coverage resource"
PMC7815211,PLoS Biology,2021,10.1371/journal.pbio.3001060.r008,by,1,1,1,233,667,1925,1,0,Ectoderm to mesoderm transition by down-regulation of actomyosin contractility
PMC8741300,PLoS Biology,2021,10.1371/journal.pbio.3001490,by,1,1,1,228,711,2360,1,0,A genome-wide CRISPR screen identifies interactors of the autophagy pathway as conserved coronavirus targets
PMC6980695,PLoS Biology,2020,10.1371/journal.pbio.3000591.r006,by,1,1,1,154,674,1432,1,0,Yap suppresses T-cell function and infiltration in the tumor microenvironment
PMC8386844,PLoS Biology,2021,10.1371/journal.pbio.3001368,by,0,0,0,41,0,0,0,1,Macroevolutionary thermodynamics: Temperature and the tempo of evolution in the tropics
PMC6936868,PLoS Biology,2019,10.1371/journal.pbio.3000573,by,1,1,1,137,386,237,1,0,Universal antibiotic tolerance arising from antibiotic-triggered accumulation of pyocyanin in Pseudomonas aeruginosa
PMC8936469,PLoS Biology,2022,10.1371/journal.pbio.3001578.r005,by,1,1,1,161,455,1331,1,1,A light-inducible protein clustering system for in vivo analysis of α-synuclein aggregation in Parkinson disease
PMC7217448,PLoS Biology,2020,10.1371/journal.pbio.3000674.r006,by,1,1,1,85,262,477,1,1,"Thalamic, cortical, and amygdala involvement in the processing of a natural sound cue of danger"
PMC9067641,PLoS Biology,2022,10.1371/journal.pbio.3001623,by,0,0,0,39,0,0,0,0,Molecular biology for green recovery—A call for action
PMC7608951,PLoS Biology,2020,10.1371/journal.pbio.3000891,,0,0,0,0,0,0,0,0,Interphase-arrested Drosophila embryos activate zygotic gene expression and initiate mid-blastula transition events at a
PMC6797223,PLoS Biology,2019,10.1371/journal.pbio.3000485.r005,by,1,1,1,150,209,311,1,1,A rotifer-derived paralytic compound prevents transmission of schistosomiasis to a mammalian host
PMC6808508,PLoS Biology,2019,10.1371/journal.pbio.3000496,by,1,1,1,220,746,549,1,0,Molecular basis for the PAM expansion and fidelity enhancement of an evolved Cas9 nuclease
PMC8765667,PLoS Biology,2021,10.1371/journal.pbio.3001065.r009,by,1,1,1,229,492,1238,1,0,Elevated temperature inhibits SARS-CoV-2 replication in respiratory epithelium independently of IFN-mediated innate immu
PMC8675916,PLoS Biology,2021,10.1371/journal.pbio.3001475,by,1,1,1,164,3231,317,0,0,Riddled with holes: Understanding air space formation in plant leaves
PMC8136860,PLoS Biology,2021,10.1371/journal.pbio.3001228,by,1,1,1,165,771,1874,1,1,Sensitivity to expression levels underlies differential dominance of a putative null allele of the Drosophila tβh gene i
PMC8758087,PLoS Biology,2021,10.1371/journal.pbio.3001384,by,1,1,1,146,374,768,1,1,Vaccination with SARS-CoV-2 variants of concern protects mice from challenge with wild-type virus
PMC7703951,PLoS Biology,2020,10.1371/journal.pbio.3000940.r006,by,1,1,1,178,646,1587,1,1,Gradient in cytoplasmic pressure in germline cells controls overlying epithelial cell morphogenesis
PMC7725296,PLoS Biology,2020,10.1371/journal.pbio.3000937.r008,by,1,1,1,228,1433,155,1,1,Ensuring the quality and specificity of preregistrations
PMC8143427,PLoS Biology,2021,10.1371/journal.pbio.3000988,by,1,1,1,170,705,978,1,1,The molecular and metabolic program by which white adipocytes adapt to cool physiologic temperatures
PMC7755189,PLoS Biology,2020,10.1371/journal.pbio.3000991.r006,by,1,1,1,215,607,724,1,1,Phosphorylation of seryl-tRNA synthetase by ATM/ATR is essential for hypoxia-induced angiogenesis
PMC9116682,PLoS Biology,2022,10.1371/journal.pbio.3001634.r006,by,1,1,1,180,709,1020,1,0,Temporal analysis of melanogenesis identifies fatty acid metabolism as key skin pigment regulator
PMC6797220,PLoS Biology,2019,10.1371/journal.pbio.3000444,by,1,1,1,273,638,1670,1,1,The developmental Wnt signaling pathway effector β-catenin/TCF mediates hepatic functions of the sex hormone estradiol i
PMC8241114,PLoS Biology,2021,10.1371/journal.pbio.3001307,,0,0,0,0,0,0,0,0,Strategic testing approaches for targeted disease monitoring can be used to inform pandemic decision-making
PMC7723294,PLoS Biology,2020,10.1371/journal.pbio.3000703.r006,by,1,1,1,247,750,704,1,0,The Drosophila amyloid precursor protein homologue mediates neuronal survival and neuroglial interactions
PMC7939357,PLOS Biology,2021,10.1371/journal.pbio.3001113,by,1,1,1,225,607,697,1,0,Noncanonical TGF-β signaling leads to FBXO3-mediated degradation of ΔNp63α promoting breast cancer metastasis and poor c
PMC7814553,Breast Cancer Research : BCR,2021,10.1186/s13058-021-01386-y,by,1,1,1,231,319,833,1,0,Characteristics and outcome of breast cancer-related microangiopathic haemolytic anaemia: a multicentre study
PMC7579807,Breast Cancer Research : BCR,2020,10.1186/s13058-020-01352-0,by,1,1,1,200,147,360,1,1,"Circulating growth factor concentrations and breast cancer risk: a nested case-control study of IGF-1, IGFBP-3, and brea"
PMC7641839,Breast Cancer Research : BCR,2020,10.1186/s13058-020-01355-x,by,1,1,1,274,720,1319,1,1,A tumour suppressive relationship between mineralocorticoid and retinoic acid receptors activates a transcriptional prog
PMC6343358,Breast Cancer Research : BCR,2019,10.1186/s13058-019-1097-0,by,1,1,1,344,585,999,1,1,HER2 regulates HIF-2α and drives an increased hypoxic response in breast cancer
PMC8201685,Breast Cancer Research : BCR,2021,10.1186/s13058-021-01444-5,by,1,1,1,229,565,859,1,1,High-throughput surface marker screen on primary human breast tissues reveals further cellular heterogeneity
PMC6167787,Breast Cancer Research : BCR,2018,10.1186/s13058-018-1046-3,by,1,1,1,254,432,566,1,0,BHLHE40 confers a pro-survival and pro-metastatic phenotype to breast cancer cells by modulating HBEGF secretion
PMC7709252,Breast Cancer Research : BCR,2020,10.1186/s13058-020-01373-9,by,1,1,1,339,595,1476,1,1,Shotgun proteomics coupled to nanoparticle-based biomarker enrichment reveals a novel panel of extracellular matrix prot
PMC5932758,Breast Cancer Research : BCR,2018,10.1186/s13058-018-0963-5,by,0,1,1,403,496,992,1,0,Dependence receptor UNC5A restricts luminal to basal breast cancer plasticity and metastasis
PMC6471852,Breast Cancer Research : BCR,2019,10.1186/s13058-019-1133-0,by,1,1,1,250,445,893,1,1,Association between prediagnostic leukocyte telomere length and breast cancer risk: the Singapore Chinese Health Study
PMC8305592,Breast Cancer Research : BCR,2021,10.1186/s13058-021-01454-3,by,1,1,1,264,325,796,1,1,Biomarkers of mammographic density in premenopausal women
PMC6884811,Breast Cancer Research : BCR,2019,10.1186/s13058-019-1220-2,by,1,1,1,377,989,2288,1,1,Development of clinically relevant in vivo metastasis models using human bone discs and breast cancer patient-derived xe
PMC8973562,Breast Cancer Research : BCR,2022,10.1186/s13058-022-01518-y,by,1,1,1,159,383,308,1,0,Population-based estimates of age-specific cumulative risk of breast cancer for pathogenic variants in ATM
PMC6042281,Breast Cancer Research : BCR,2018,10.1186/s13058-018-1005-z,by,1,0,0,254,0,0,0,1,Intrinsic molecular subtypes of breast cancers categorized as HER2-positive using an alternative chromosome 17 probe ass
PMC8489094,Breast Cancer Research : BCR,2021,10.1186/s13058-021-01472-1,by,1,1,1,331,422,1447,1,0,Oestrogen deprivation induces chemokine production and immune cell recruitment in in vitro and in vivo models of oestrog
PMC8579610,Breast Cancer Research : BCR,2021,10.1186/s13058-021-01482-z,by,1,1,1,320,519,1421,1,1,Mammary collagen architecture and its association with mammographic density and lesion severity among women undergoing i
PMC6651939,Breast Cancer Research : BCR,2019,10.1186/s13058-019-1164-6,by,1,1,1,275,353,536,1,1,Glucocorticoid receptor modulation decreases ER-positive breast cancer cell proliferation and suppresses wild-type and m
PMC6448267,Breast Cancer Research : BCR,2019,10.1186/s13058-019-1134-z,by,0,0,0,0,0,0,0,0,"CD68, CD163, and matrix metalloproteinase 9 (MMP-9) in breast tumor microenvironment to predict breast cancer survival: "
PMC8482562,Breast Cancer Research : BCR,2021,10.1186/s13058-021-01465-0,by,1,1,1,222,492,1012,1,0,Genomic risk prediction of coronary artery disease in women with breast cancer: a prospective cohort study
PMC7885389,Breast Cancer Research : BCR,2021,10.1186/s13058-021-01401-2,by,1,1,1,213,609,1175,1,1,Identification of MFGE8 and KLK5/7 as mediators of breast tumorigenesis and resistance to COX-2 inhibition
PMC8627106,Breast Cancer Research : BCR,2021,10.1186/s13058-021-01489-6,by,1,1,1,354,674,765,1,1,Quantitative multiparametric MRI predicts response to neoadjuvant therapy in the community setting
PMC6918633,Breast Cancer Research : BCR,2019,10.1186/s13058-019-1221-1,by,1,1,1,321,357,978,1,1,Prediction and clinical utility of a contralateral breast cancer risk model
PMC8088670,Breast Cancer Research : BCR,2021,10.1186/s13058-021-01428-5,by,1,0,0,124,0,0,0,0,Functional consequences of a rare missense BARD1 c.403G>A germline mutation identified in a triple-negative breast cance
PMC5761188,Breast Cancer Research : BCR,2018,10.1186/s13058-017-0929-z,by,1,1,1,365,266,1296,1,1,Evaluating the breast cancer predisposition role of rare variants in genes associated with low-penetrance breast cancer 
PMC9066770,Breast Cancer Research : BCR,2022,10.1186/s13058-022-01525-z,by,1,1,1,168,990,851,1,1,Activation of the viral sensor oligoadenylate synthetase 2 (Oas2) prevents pregnancy-driven mammary cancer metastases
PMC8985313,Breast Cancer Research : BCR,2022,10.1186/s13058-022-01514-2,by,1,1,1,361,474,890,1,1,Breast cancer metastasis to brain results in recruitment and activation of microglia through annexin-A1/formyl peptide r
PMC6883674,Breast Cancer Research : BCR,2019,10.1186/s13058-019-1197-x,by,1,1,1,254,535,637,1,0,High expression of NR1D1 is associated with good prognosis in triple-negative breast cancer patients treated with chemot
PMC5956618,Breast Cancer Research : BCR,2018,10.1186/s13058-018-0968-0,by,1,1,1,273,224,499,1,0,Circulating ESR1 mutations at the end of aromatase inhibitor adjuvant treatment and after relapse in breast cancer patie
PMC5984793,Breast Cancer Research : BCR,2018,10.1186/s13058-018-0972-4,by,1,1,1,350,484,821,1,0,Proteolytic single hinge cleavage of pertuzumab impairs its Fc effector function and antitumor activity in vitro and in 
PMC7958420,Breast Cancer Research : BCR,2021,10.1186/s13058-021-01414-x,by,0,0,0,0,0,0,0,0,Correction to: Multi-modal imaging of high-risk ductal carcinoma in situ of the breast using C2Am: a targeted cell death
PMC7362513,Breast Cancer Research : BCR,2020,10.1186/s13058-020-01311-9,by,1,1,1,344,757,1521,1,0,A subset of activated fibroblasts is associated with distant relapse in early luminal breast cancer
PMC7590445,Breast Cancer Research : BCR,2020,10.1186/s13058-020-01356-w,by,1,1,1,317,239,517,1,1,Effect of body mass index on response to neo-adjuvant therapy in HER2-positive breast cancer: an exploratory analysis of
PMC7427086,Breast Cancer Research : BCR,2020,10.1186/s13058-020-01320-8,by,1,1,1,248,535,1710,1,0,Targeting activated PI3K/mTOR signaling overcomes acquired resistance to CDK4/6-based therapies in preclinical models of
PMC8670126,Breast Cancer Research : BCR,2021,10.1186/s13058-021-01493-w,by,1,1,1,247,468,559,1,0,Quantitative assessment of the immune microenvironment in African American Triple Negative Breast Cancer: a case–control
PMC6368740,Breast Cancer Research : BCR,2019,10.1186/s13058-019-1102-7,by,1,1,1,288,398,718,1,0,Targeted mutation detection in breast cancer using MammaSeq™
PMC6686561,Breast Cancer Research : BCR,2019,10.1186/s13058-019-1173-5,by,1,1,1,374,480,616,1,1,Dynamically decreased miR-671-5p expression is associated with oncogenic transformation and radiochemoresistance in brea
PMC6122475,Breast Cancer Research : BCR,2018,10.1186/s13058-018-1032-9,by,0,0,1,30,0,127,0,0,European Network of Breast Development and Cancer turned 10 years: a growing family of mammary gland researchers
PMC7792100,Breast Cancer Research : BCR,2021,10.1186/s13058-020-01380-w,by,1,1,1,261,375,946,1,1,Differential PD-1/LAG-3 expression and immune phenotypes in metastatic sites of breast cancer
PMC7160960,Breast Cancer Research : BCR,2020,10.1186/s13058-020-01270-1,by,1,1,1,327,479,881,1,0,Cetuximab PET delineated changes in cellular distribution of EGFR upon dasatinib treatment in triple negative breast can
PMC6501320,Breast Cancer Research : BCR,2019,10.1186/s13058-019-1143-y,by,1,1,1,298,448,1359,1,0,"Frequency of pathogenic germline variants in BRCA1, BRCA2, PALB2, CHEK2 and TP53 in ductal carcinoma in situ diagnosed i"
PMC6431068,Breast Cancer Research : BCR,2019,10.1186/s13058-019-1122-3,by,1,1,1,320,341,841,1,1,Hypothyroidism and the risk of breast cancer recurrence and all-cause mortality - a Danish population-based study
PMC6907265,Breast Cancer Research : BCR,2019,10.1186/s13058-019-1233-x,by,1,1,1,204,184,474,1,0,Characterization of organoid cultured human breast cancer
PMC6263070,Breast Cancer Research : BCR,2018,10.1186/s13058-018-1068-x,by,1,1,1,239,253,899,1,0,"Induction of cell cycle arrest and inflammatory genes by combined treatment with epigenetic, differentiating, and chemot"
PMC6883541,Breast Cancer Research : BCR,2019,10.1186/s13058-019-1213-1,by,1,1,1,312,535,651,1,1,"Alcohol consumption, cigarette smoking, and familial breast cancer risk: findings from the Prospective Family Study Coho"
PMC8025373,Breast Cancer Research : BCR,2021,10.1186/s13058-021-01419-6,by,1,1,1,335,385,953,1,0,Urinary phthalate exposures and risk of breast cancer: the Multiethnic Cohort study
PMC7788790,Breast Cancer Research : BCR,2021,10.1186/s13058-020-01378-4,by,1,1,1,355,703,1239,1,0,Multiplex immunofluorescence to measure dynamic changes in tumor-infiltrating lymphocytes and PD-L1 in early-stage breas
PMC6947866,Breast Cancer Research : BCR,2020,10.1186/s13058-019-1241-x,by,1,1,1,361,623,1304,1,1,"Anillin regulates breast cancer cell migration, growth, and metastasis by non-canonical mechanisms involving control of "
PMC6720990,Breast Cancer Research : BCR,2019,10.1186/s13058-019-1184-2,by,1,1,1,272,358,757,1,1,Clonality of circulating tumor cells in breast cancer brain metastasis patients
PMC9125938,Breast Cancer Research : BCR,2022,10.1186/s13058-022-01528-w,by,1,1,1,277,768,932,1,1,CCR5 activation and endocytosis in circulating tumor-derived cells isolated from the blood of breast cancer patients pro
PMC7977564,Breast Cancer Research : BCR,2021,10.1186/s13058-021-01410-1,by,1,1,1,302,352,1717,1,0,Risk factors for breast cancer development by tumor characteristics among women with benign breast disease
PMC6173937,Breast Cancer Research : BCR,2018,10.1186/s13058-018-1047-2,by,1,1,1,344,596,1550,1,0,Long-term exposure to road traffic noise and incidence of breast cancer: a cohort study
PMC6923956,Breast Cancer Research : BCR,2019,10.1186/s13058-019-1236-7,by,1,1,1,330,946,1577,1,0,NEDD4 expression is associated with breast cancer progression and is predictive of a poor prognosis
PMC5907386,Breast Cancer Research : BCR,2018,10.1186/s13058-018-0962-6,by,1,1,1,303,260,1674,1,0,Long-term prognostic implications of risk factors associated with tumor size: a case study of women regularly attending 
PMC8117302,Breast Cancer Research : BCR,2021,10.1186/s13058-021-01431-w,by,1,1,1,338,724,1048,1,0,Lasofoxifene as a potential treatment for therapy-resistant ER-positive metastatic breast cancer
PMC7934277,Breast Cancer Research : BCR,2021,10.1186/s13058-021-01406-x,by,1,1,1,262,595,1110,1,1,First in class dual MDM2/MDMX inhibitor ALRN-6924 enhances antitumor efficacy of chemotherapy in TP53 wild-type hormone 
PMC9238191,Breast Cancer Research : BCR,2022,10.1186/s13058-022-01538-8,by,0,0,0,0,0,0,0,0,Know thy cells: commonly used triple-negative human breast cancer cell lines carry mutations in RAS and effectors
PMC7743018,Cancer Communications,2020,10.1002/cac2.12115,by-nc-nd,0,0,0,0,0,0,0,0,Molecular subtyping of hepatocellular carcinoma: A step toward precision medicine
PMC6518786,Cancer Communications,2019,10.1186/s40880-019-0373-9,by,0,0,0,0,0,0,0,0,Is cancer-related death associated with circadian rhythm?
PMC9118050,Cancer Communications,2022,10.1002/cac2.12291,by-nc-nd,0,0,0,0,0,0,0,0,Cancer‐associated fibroblasts in breast cancer: Challenges and opportunities
PMC8923127,Cancer Communications,2022,10.1002/cac2.12253,by-nc-nd,0,0,0,0,0,0,0,0,Machine learning models for outcome prediction of Chinese uveal melanoma patients: A 15‐year follow‐up study
PMC8118592,Cancer Communications,2021,10.1002/cac2.12143,by-nc-nd,0,0,0,0,0,0,0,0,"Predictions of mortality related to four major cancers in China, 2020 to 2030"
PMC8696222,Cancer Communications,2021,10.1002/cac2.12236,by-nc-nd,0,0,0,0,0,0,0,0,Detection of pancreatic cancer by indocyanine green‐assisted fluorescence imaging in the first and second near‐infrared 
PMC6563381,Cancer Communications,2019,10.1186/s40880-019-0378-4,by,0,0,0,0,0,0,0,0,Preferable background filtering for next-generation sequencing analysis in non-small cell lung cancer: pericarcinomatous
PMC6585030,Cancer Communications,2019,10.1186/s40880-019-0383-7,by,1,1,1,261,925,1305,0,0,China National Medical Products Administration approval summary: anlotinib for the treatment of advanced non-small cell 
PMC8696228,Cancer Communications,2021,10.1002/cac2.12229,by-nc-nd,0,0,0,0,0,0,0,0,The efficacy and possible mechanisms of immune checkpoint inhibitors in treating non‐small cell lung cancer patients wit
PMC6688275,Cancer Communications,2019,10.1186/s40880-019-0390-8,by,1,1,1,378,764,628,0,1,"Effects of two types of exercise training on psychological well-being, sleep, quality of life and physical fitness in pa"
PMC8286139,Cancer Communications,2021,10.1002/cac2.12177,by-nc-nd,0,0,0,0,0,0,0,0,Identification of immune‐activating metabolite for enhancing T cell therapy of cancer
PMC6235395,Cancer Communications,2018,10.1186/s40880-018-0334-8,by,1,1,1,250,262,849,1,1,IL-2Rα up-regulation is mediated by latent membrane protein 1 and promotes lymphomagenesis and chemotherapy resistance i
PMC8696225,Cancer Communications,2021,10.1002/cac2.12233,by-nc-nd,0,0,0,0,0,0,0,0,Serum semaphorin 4C as a diagnostic biomarker in breast cancer: A multicenter retrospective study
PMC7743003,Cancer Communications,2020,10.1002/cac2.12102,by-nc-nd,0,0,0,0,0,0,0,0,Mutational characteristics determined using circulating tumor DNA analysis in triple‐negative breast cancer patients wit
PMC8360643,Cancer Communications,2021,10.1002/cac2.12193,by-nc-nd,0,0,0,0,0,0,0,0,"The Chinese Society of Clinical Oncology (CSCO): Clinical guidelines for the diagnosis and treatment of gastric cancer, "
PMC6062982,Cancer Communications,2018,10.1186/s40880-018-0319-7,by,1,1,1,193,274,502,1,1,Phenformin alone or combined with gefitinib inhibits bladder cancer via AMPK and EGFR pathways
PMC7819547,Cancer Communications,2020,10.1002/cac2.12118,by-nc-nd,0,0,0,0,0,0,0,0,Liquid biopsy for esophageal cancer: Is detection of circulating cell‐free DNA as a biomarker feasible?
PMC8753310,Cancer Communications,2021,10.1002/cac2.12230,by-nc-nd,0,0,0,0,0,0,0,0,Nut and peanut butter consumption and risk of prostate cancer in the NIH‐AARP diet and health study
PMC9198346,Cancer Communications,2022,10.1002/cac2.12310,by-nc-nd,0,0,0,0,0,0,0,0,Spatial metabolomics for evaluating response to neoadjuvant therapy in non‐small cell lung cancer patients
PMC7819548,Cancer Communications,2021,10.1002/cac2.12120,by-nc-nd,0,0,0,0,0,0,0,0,CircBA1 derived from BCR‐ABL fusion gene inhibits cell proliferation in chronic myeloid leukemia
PMC9257983,Cancer Communications,2022,10.1002/cac2.12325,by-nc-nd,0,0,0,0,0,0,0,0,Gene amplification‐driven RNA methyltransferase KIAA1429 promotes tumorigenesis by regulating BTG2 via m6A‐YTHDF2‐depend
PMC7427308,Cancer Communications,2020,10.1002/cac2.12078,by-nc-nd,0,0,0,0,0,0,0,0,Single‐cell RNA sequencing in breast cancer: Understanding tumor heterogeneity and paving roads to individualized therap
PMC6507030,Cancer Communications,2019,10.1186/s40880-019-0367-7,by,1,1,1,266,342,724,1,0,The efficacy and safety of modified FOLFIRINOX as first-line chemotherapy for Chinese patients with metastatic pancreati
PMC9198349,Cancer Communications,2022,10.1002/cac2.12285,by-nc-nd,0,0,0,0,0,0,0,0,Intercellular communications and metabolic reprogramming as new predictive markers for immunotherapy responses in gastri
PMC7668499,Cancer Communications,2020,10.1002/cac2.12088,by,0,0,0,0,0,0,0,0,Correlation between the genetic variants of base excision repair (BER) pathway genes and neuroblastoma susceptibility in
PMC6505128,Cancer Communications,2019,10.1186/s40880-019-0371-y,by,1,1,1,286,308,935,1,0,Is surgical axillary staging necessary in women with T1 breast cancer who are treated with breast-conserving therapy?
PMC9198342,Cancer Communications,2022,10.1002/cac2.12286,by-nc-nd,0,0,0,0,0,0,0,0,Childhood overweight and risk of obesity‐related adult cancer in men
PMC7743012,Cancer Communications,2020,10.1002/cac2.12109,by-nc-nd,0,0,0,0,0,0,0,0,Emerging roles of long noncoding RNAs in cholangiocarcinoma: Advances and challenges
PMC5993148,Cancer Communications,2018,10.1186/s40880-018-0288-x,by,1,1,1,167,541,1225,0,1,Amino acid transporter SLC7A11/xCT at the crossroads of regulating redox homeostasis and nutrient dependency of cancer
PMC6487510,Cancer Communications,2019,10.1186/s40880-019-0368-6,by,1,1,0,358,2805,0,0,1,Current cancer situation in China: good or bad news from the 2018 Global Cancer Statistics?
PMC5993135,Cancer Communications,2018,10.1186/s40880-018-0302-3,by,1,1,1,119,200,656,0,1,Metabolic recoding of epigenetics in cancer
PMC8118589,Cancer Communications,2021,10.1002/cac2.12159,by-nc-nd,0,0,0,0,0,0,0,0,Retreatment in locally recurrent nasopharyngeal carcinoma: Current status and perspectives
PMC6390297,Cancer Communications,2019,10.1186/s40880-019-0352-1,by,0,0,0,0,0,0,0,0,"Correction to: Incidence, mortality, and temporal patterns of oropharyngeal cancer in China: a population-based study"
PMC6108145,Cancer Communications,2018,10.1186/s40880-018-0323-y,by,1,1,1,266,373,713,1,0,Personalized treatment based on mini patient-derived xenografts and WES/RNA sequencing in a patient with metastatic duod
PMC8696212,Cancer Communications,2021,10.1002/cac2.12217,by-nc-nd,0,0,0,0,0,0,0,0,The scaffold protein menin is essential for activating the MYC locus and MYC‐mediated androgen receptor transcription in
PMC6842524,Cancer Communications,2019,10.1186/s40880-019-0416-2,by,1,1,1,361,543,701,0,0,Neoadjuvant stereotactic radiosurgery for intracerebral metastases of solid tumors (NepoMUC): a phase I dose escalation 
PMC6545701,Cancer Communications,2019,10.1186/s40880-019-0376-6,by,1,1,1,392,736,1110,1,1,PD-L1 and PD-L2 expression correlated genes in non-small-cell lung cancer
PMC6319003,Cancer Communications,2019,10.1186/s40880-018-0346-4,by,1,1,1,344,504,712,1,0,The prognostic and therapeutic implications of circulating tumor cell phenotype detection based on epithelial–mesenchyma
PMC6591878,Cancer Communications,2019,10.1186/s40880-019-0384-6,by,1,1,1,371,675,686,1,1,Pertuzumab in combination with trastuzumab and chemotherapy for Chinese patients with HER2-positive metastatic gastric o
PMC7896746,Cancer Communications,2021,10.1002/cac2.12128,by-nc-nd,0,0,0,0,0,0,0,0,Lung adenocarcinoma patients with novel ALK fusion variants and their clinical responses to ALK inhibitors
PMC6060453,Cancer Communications,2018,10.1186/s40880-018-0313-0,by,1,1,1,192,302,426,1,1,Lower genomic stability of induced pluripotent stem cells reflects increased non-homologous end joining
PMC8822592,Cancer Communications,2021,10.1002/cac2.12240,by-nc-nd,0,0,0,0,0,0,0,0,Proteomics profiling of colorectal cancer progression identifies PLOD2 as a potential therapeutic target
PMC7163660,Cancer Communications,2020,10.1002/cac2.12016,by-nc-nd,0,0,0,0,0,0,0,0,Gene signatures associated with genomic aberrations predict prognosis in neuroblastoma
PMC6873691,Cancer Communications,2019,10.1186/s40880-019-0423-3,by,0,0,0,0,0,0,0,0,Long-lasting responses after discontinuation of nivolumab treatment for reasons other than tumor progression in patients
PMC8822594,Cancer Communications,2022,10.1002/cac2.12254,by-nc-nd,0,0,0,0,0,0,0,0,New insights into the interplay between long non‐coding RNAs and RNA‐binding proteins in cancer
PMC8626609,Cancer Communications,2021,10.1002/cac2.12202,by-nc-nd,0,0,0,0,0,0,0,0,Neoadjuvant immune checkpoint inhibitor plus chemotherapy in rare tracheal tumors
PMC8753133,Cancer Communications,2021,10.1002/cac2.12238,by-nc-nd,0,0,0,0,0,0,0,0,Characterization of DNA damage response deficiency in pancreatic cancer patients from China
PMC5993129,Cancer Communications,2018,10.1186/s40880-018-0304-1,by,1,1,1,249,477,1015,1,1,Attenuated FOLFIRINOX in the salvage treatment of gemcitabine-refractory advanced pancreatic cancer: a phase II study
PMC9198347,Cancer Communications,2022,10.1002/cac2.12266,by-nc-nd,0,0,0,0,0,0,0,0,Proteomic identification of new diagnostic biomarkers of early‐stage cutaneous mycosis fungoides
PMC8923128,Cancer Communications,2021,10.1002/cac2.12243,by-nc-nd,0,0,0,0,0,0,0,0,Loss of ID3 in pancreatic cancer cells increases DNA damage without impairing MDC1 recruitment to the nuclear foci
PMC7743014,Cancer Communications,2020,10.1002/cac2.12114,by-nc-nd,0,0,0,0,0,0,0,0,Favorable response to immunotherapy in a pancreatic neuroendocrine tumor with temozolomide‐induced high tumor mutational
PMC6156962,Cancer Communications,2018,10.1186/s40880-018-0325-9,by,1,1,1,317,559,1159,1,1,Development and validation of an endoscopic images-based deep learning model for detection with nasopharyngeal malignanc
PMC6366075,Cancer Communications,2019,10.1186/s40880-019-0347-y,by,1,1,1,302,448,757,1,0,TES functions as a Mena-dependent tumor suppressor in gastric cancer carcinogenesis and metastasis
PMC5993139,Cancer Communications,2018,10.1186/s40880-018-0279-y,by,1,1,1,321,431,834,1,1,Decreased macrophage inflammatory protein (MIP)-1α and MIP-1β increase the risk of developing nasopharyngeal carcinoma
PMC8822588,Cancer Communications,2022,10.1002/cac2.12252,by-nc-nd,0,0,0,0,0,0,0,0,Impact of statins on the survival of patients with cancer: a nationwide population‐based cohort study in South Korea
PMC8827076,Cell Death Discovery,2022,10.1038/s41420-022-00856-2,by,1,1,1,243,298,554,1,1,Hsa_circ_0134111 promotes intervertebral disc degeneration via sponging miR-578
PMC7604280,Cell Death Discovery,2020,10.1038/s41420-020-00347-2,by,1,1,1,216,559,614,1,1,TGR5 deficiency aggravates hepatic ischemic/reperfusion injury via inhibiting SIRT3/FOXO3/HIF-1ɑ pathway
PMC8403170,Cell Death Discovery,2021,10.1038/s41420-021-00611-z,by,1,1,1,230,414,691,1,0,Exosomal microRNA-15a from mesenchymal stem cells impedes hepatocellular carcinoma progression via downregulation of SAL
PMC6579764,Cell Death Discovery,2019,10.1038/s41420-019-0184-4,by,1,1,1,311,320,1112,1,0,A six-inhibitor culture medium for improving naïve-type pluripotency of porcine pluripotent stem cells
PMC8179924,Cell Death Discovery,2021,10.1038/s41420-021-00519-8,by,1,1,1,274,303,963,1,1,Cisplatin remodels the tumor immune microenvironment via the transcription factor EB in ovarian cancer
PMC8980064,Cell Death Discovery,2022,10.1038/s41420-022-00944-3,by,0,0,0,0,0,0,0,0,Author Correction: Gelatine nanostructured lipid carrier encapsulated FGF15 inhibits autophagy and improves recovery in 
PMC6249233,Cell Death Discovery,2018,10.1038/s41420-018-0125-7,by,1,1,1,251,584,1146,1,0,Survival of midbrain dopamine neurons depends on the Bcl2 factor Mcl1
PMC9203584,Cell Death Discovery,2022,10.1038/s41420-022-01068-4,by,1,1,1,258,336,862,1,0,microRNA-140-3p protects hippocampal neuron against pyroptosis to attenuate sevoflurane inhalation-induced post-operativ
PMC7925512,Cell Death Discovery,2021,10.1038/s41420-021-00425-z,by,1,1,1,198,618,783,1,0,Downregulation of XBP1 protects kidney against ischemia-reperfusion injury via suppressing HRD1-mediated NRF2 ubiquityla
PMC8134443,Cell Death Discovery,2021,10.1038/s41420-021-00498-w,by,1,1,1,274,634,569,1,0,SRSF1 promotes the inclusion of exon 3 of SRA1 and the invasion of hepatocellular carcinoma cells by interacting with ex
PMC8671440,Cell Death Discovery,2021,10.1038/s41420-021-00787-4,by,1,1,1,269,550,605,1,1,LncRNA LINC00667 aggravates the progression of hepatocellular carcinoma by regulating androgen receptor expression as a 
PMC7260239,Cell Death Discovery,2020,10.1038/s41420-020-0274-3,by,1,1,1,150,352,783,1,1,Loss of Rictor in tubular cells exaggerates lipopolysaccharide induced renal inflammation and acute kidney injury via Ya
PMC6787076,Cell Death Discovery,2019,10.1038/s41420-019-0220-4,by,1,1,1,276,529,716,1,1,DDIT3 (CHOP) contributes to retinal ganglion cell somal loss but not axonal degeneration in DBA/2J mice
PMC6244166,Cell Death Discovery,2018,10.1038/s41420-018-0124-8,by,1,1,1,183,293,495,1,1,Apigenin suppresses the stem cell-like properties of triple-negative breast cancer cells by inhibiting YAP/TAZ activity
PMC9001679,Cell Death Discovery,2022,10.1038/s41420-022-00973-y,by,1,1,1,163,720,1111,1,0,Suppression of the hyaluronic acid pathway induces M1 macrophages polarization via STAT1 in glioblastoma
PMC6711993,Cell Death Discovery,2019,10.1038/s41420-019-0211-5,by,1,1,1,197,582,662,1,1,Transcription-independent and -dependent p53-mediated apoptosis in response to genotoxic and non-genotoxic stress
PMC6102309,Cell Death Discovery,2018,10.1038/s41420-018-0092-z,by,0,0,0,0,0,0,0,0,Different apoptosis pathways in Leishmania parasites
PMC6197249,Cell Death Discovery,2018,10.1038/s41420-018-0110-1,by,1,1,1,273,561,817,1,1,Lon protease inactivation in Drosophila causes unfolded protein stress and inhibition of mitochondrial translation
PMC9021257,Cell Death Discovery,2022,10.1038/s41420-022-01000-w,by,1,1,1,284,427,563,1,1,RETRACTED ARTICLE: MIR600HG sponges miR-125a-5p to regulate glycometabolism and cisplatin resistance of oral squamous ce
PMC6611791,Cell Death Discovery,2019,10.1038/s41420-019-0192-4,by,1,1,1,177,645,1189,1,1,24(S)-Hydroxycholesterol induces ER dysfunction-mediated unconventional cell death
PMC7026120,Cell Death Discovery,2020,10.1038/s41420-019-0235-x,by,1,1,1,190,509,1055,1,1,BORIS/CTCFL promotes a switch from a proliferative towards an invasive phenotype in melanoma cells
PMC8991257,Cell Death Discovery,2022,10.1038/s41420-022-00976-9,by,1,1,1,176,504,643,1,1,MOXD1 knockdown suppresses the proliferation and tumor growth of glioblastoma cells via ER stress-inducing apoptosis
PMC7378060,Cell Death Discovery,2020,10.1038/s41420-020-00300-3,by,1,1,1,218,470,670,1,1,Establishment of bone marrow-derived M-CSF receptor-dependent self-renewing macrophages
PMC7229171,Cell Death Discovery,2020,10.1038/s41420-020-0270-7,by,1,1,1,282,526,553,1,0,Inhibition of IKKβ/NF-κB signaling pathway to improve Dasatinib efficacy in suppression of cisplatin-resistant head and 
PMC8322091,Cell Death Discovery,2021,10.1038/s41420-021-00543-8,by,1,1,1,256,471,1755,1,1,Probing tissue transglutaminase mediated vascular smooth muscle cell aging using a novel transamidation-deficient Tgm2-C
PMC8027876,Cell Death Discovery,2021,10.1038/s41420-021-00454-8,by,1,1,1,205,584,666,1,1,Ferroptosis contributes to isoflurane-induced neurotoxicity and learning and memory impairment
PMC9188615,Cell Death Discovery,2022,10.1038/s41420-022-01074-6,by,1,1,1,189,218,860,1,0,The combination of hydroxychloroquine and 2-deoxyglucose enhances apoptosis in breast cancer cells by blocking protectiv
PMC9021221,Cell Death Discovery,2022,10.1038/s41420-022-01014-4,by,1,1,1,330,550,1296,1,0,Lactate promotes the growth of patient-derived organoids from hepatopancreatobiliary cancers via ENO1/HIF1α pathway and 
PMC8882174,Cell Death Discovery,2022,10.1038/s41420-022-00887-9,by,1,1,1,189,506,630,1,0,NVP-AUY922 alleviates radiation-induced lung injury via inhibition of autophagy-dependent ferroptosis
PMC9021261,Cell Death Discovery,2022,10.1038/s41420-022-01009-1,by,1,1,1,224,650,689,1,1,The BCL-2 inhibitor ABT-199/venetoclax synergizes with proteasome inhibition via transactivation of the MCL-1 antagonist
PMC8748761,Cell Death Discovery,2022,10.1038/s41420-021-00802-8,by,1,1,1,275,254,745,1,1,Novel prognostic marker LINC00205 promotes tumorigenesis and metastasis by competitively suppressing miRNA-26a in gastri
PMC8826420,Cell Death Discovery,2022,10.1038/s41420-022-00847-3,by,1,1,1,268,377,1023,1,1,ANGPTL7 is transcriptionally regulated by SP1 and modulates glucocorticoid-induced cross-linked actin networks in trabec
PMC8342575,Cell Death Discovery,2021,10.1038/s41420-021-00594-x,by,1,0,0,157,0,0,0,1,Dual topology of co-chaperones at the membrane of the endoplasmic reticulum
PMC7562950,Cell Death Discovery,2020,10.1038/s41420-020-00339-2,by,0,0,0,0,0,0,0,0,Correction: Gut microbiota patterns associated with somatostatin in patients undergoing pancreaticoduodenectomy: a prosp
PMC6249268,Cell Death Discovery,2018,10.1038/s41420-018-0122-x,by,1,1,1,273,492,1276,1,1,A novel therapeutic anticancer property of raw garlic extract via injection but not ingestion
PMC6127277,Cell Death Discovery,2018,10.1038/s41420-018-0077-y,by,1,1,1,313,744,1669,1,1,Contribution of autophagy to ocular hypertension and neurodegeneration in the DBA/2J spontaneous glaucoma mouse model
PMC8490460,Cell Death Discovery,2021,10.1038/s41420-021-00657-z,by,1,1,1,237,490,903,1,1,LHPP suppresses colorectal cancer cell migration and invasion in vitro and in vivo by inhibiting Smad3 phosphorylation i
PMC8975999,Cell Death Discovery,2022,10.1038/s41420-022-00929-2,by,1,1,1,264,367,613,1,1,Inhibition of RIPK1 by ZJU-37 promotes oligodendrocyte progenitor proliferation and remyelination via NF-κB pathway
PMC8837780,Cell Death Discovery,2022,10.1038/s41420-022-00825-9,by,1,1,1,301,429,1197,1,0,Long non-coding RNA SNHG10 upregulates BIN1 to suppress the tumorigenesis and epithelial–mesenchymal transition of epith
PMC6365567,Cell Death Discovery,2019,10.1038/s41420-018-0134-6,by,1,1,1,155,268,965,1,0,Epigenetic regulation of NfatC1 transcription and osteoclastogenesis by nicotinamide phosphoribosyl transferase in the p
PMC7705684,Cell Death Discovery,2020,10.1038/s41420-020-00360-5,by,1,1,1,161,439,1038,1,1,A novel lncRNA PTTG3P/miR-132/212-3p/FoxM1 feedback loop facilitates tumorigenesis and metastasis of pancreatic cancer
PMC8557205,Cell Death Discovery,2021,10.1038/s41420-021-00716-5,by,1,1,1,171,496,1090,1,1,Gasdermin D mediates host cell death but not interleukin-1β secretion in Mycobacterium tuberculosis-infected macrophages
PMC8850424,Cell Death Discovery,2022,10.1038/s41420-022-00865-1,by,1,1,1,190,307,386,1,1,Circ-AFAP1 promote clear cell renal cell carcinoma growth and angiogenesis by the Circ-AFAP1/miR-374b-3p/VEGFA signaling
PMC6683143,Cell Death Discovery,2019,10.1038/s41420-019-0205-3,by,1,1,1,203,619,694,1,0,Cigarette smoke activates the parthanatos pathway of cell death in human bronchial epithelial cells
PMC9021256,Cell Death Discovery,2022,10.1038/s41420-022-00991-w,by,1,1,1,311,456,1275,1,0,Modulation of energy metabolism to overcome drug resistance in chronic myeloid leukemia cells through induction of autop
PMC8918340,Cell Death Discovery,2022,10.1038/s41420-022-00848-2,by,1,1,1,160,458,1050,1,0,Blocking GSDME-mediated pyroptosis in renal tubular epithelial cells alleviates disease activity in lupus mice
PMC8639830,Cell Death Discovery,2021,10.1038/s41420-021-00765-w,by,1,1,1,252,423,736,1,0,PIAS1 alleviates diabetic peripheral neuropathy through SUMOlation of PPAR-γ and miR-124-induced downregulation of EZH2/
PMC9023543,Cell Death Discovery,2022,10.1038/s41420-022-01025-1,by,1,1,1,275,598,630,1,1,Ferroptosis is involved in PGPS-induced otitis media in C57BL/6 mice
PMC9114396,Cell Death Discovery,2022,10.1038/s41420-022-01051-z,by,1,1,1,166,427,696,1,0,Acetylation stabilizes stathmin1 and promotes its activity contributing to gallbladder cancer metastasis
PMC8971462,Cell Death Discovery,2022,10.1038/s41420-022-00937-2,by,1,1,1,239,276,1009,1,0,Tctp regulates the level and localization of Foxo for cell growth in Drosophila
PMC8897457,Cell Death Discovery,2022,10.1038/s41420-022-00901-0,by,1,1,1,269,498,1582,1,1,Edonerpic maleate regulates glutamate receptors through CRMP2- and Arc-mediated mechanisms in response to brain trauma
PMC6520368,Cell Death Discovery,2019,10.1038/s41420-019-0177-3,by,1,1,1,207,364,869,1,0,Lysosomotropic challenge of mast cells causes intra-granular reactive oxygen species production
PMC8991250,Cell Death Discovery,2022,10.1038/s41420-022-00974-x,by,1,1,1,188,573,881,1,0,N6-isopentenyladenosine induces cell death through necroptosis in human glioblastoma cells
PMC8516970,Cell Death Discovery,2021,10.1038/s41420-021-00684-w,by,1,1,1,222,1653,818,1,1,Upregulation of CPNE7 in mesenchymal stromal cells promotes oral squamous cell carcinoma metastasis through the NF-κB pa
PMC8363639,Cell Death Discovery,2021,10.1038/s41420-021-00598-7,by,1,1,0,153,401,0,0,0,RNA-binding protein 39: a promising therapeutic target for cancer
PMC7541325,Genome Medicine,2020,10.1186/s13073-020-00783-w,by,1,1,1,111,449,1061,1,1,The murine Microenvironment Cell Population counter method to estimate abundance of tissue-infiltrating immune and strom
PMC7592384,Genome Medicine,2020,10.1186/s13073-020-00789-4,by,1,1,1,241,507,1379,1,0,Microbial signature in IgE-mediated food allergies
PMC8056596,Genome Medicine,2021,10.1186/s13073-021-00870-6,by,0,1,1,402,680,2352,1,1,Rare deleterious mutations of HNRNP genes result in shared neurodevelopmental disorders
PMC6993336,Genome Medicine,2020,10.1186/s13073-020-0712-0,by,1,1,1,341,464,1312,1,0,A highly sensitive and specific workflow for detecting rare copy-number variants from exome sequencing data
PMC8849018,Genome Medicine,2022,10.1186/s13073-022-01020-2,by,1,1,1,196,555,173,0,1,Exploiting genomics to mitigate the public health impact of antimicrobial resistance
PMC8042958,Genome Medicine,2021,10.1186/s13073-021-00876-0,by,1,1,1,245,531,736,1,0,In vivo genome editing in mouse restores dystrophin expression in Duchenne muscular dystrophy patient muscle fibers
PMC5759841,Genome Medicine,2018,10.1186/s13073-017-0510-5,by,1,1,1,380,935,544,1,1,"Characterization of glycosylphosphatidylinositol biosynthesis defects by clinical features, flow cytometry, and automate"
PMC7523356,Genome Medicine,2020,10.1186/s13073-020-00780-z,by,1,1,1,257,506,681,1,1,Small-molecule MMP2/MMP9 inhibitor SB-3CT modulates tumor immune surveillance by regulating PD-L1
PMC8281595,Genome Medicine,2021,10.1186/s13073-021-00930-x,by,1,1,1,123,551,617,1,1,DeepProg: an ensemble of deep-learning and machine-learning models for prognosis prediction using multi-omics data
PMC5966898,Genome Medicine,2018,10.1186/s13073-018-0545-2,by,1,1,1,293,1061,2987,1,0,Integrated time course omics analysis distinguishes immediate therapeutic response from acquired resistance
PMC6657090,Genome Medicine,2019,10.1186/s13073-019-0656-4,by,1,1,1,290,732,1680,1,0,Identification of intermediate-sized deletions and inference of their impact on gene expression in a human population
PMC6953286,Genome Medicine,2020,10.1186/s13073-019-0705-z,by,1,1,1,250,478,1192,1,1,An unsupervised learning approach to identify novel signatures of health and disease from multimodal data
PMC7908744,Genome Medicine,2021,10.1186/s13073-021-00850-w,by,1,1,1,315,551,728,1,1,"Biallelic variants in COPB1 cause a novel, severe intellectual disability syndrome with cataracts and variable microceph"
PMC8406603,Genome Medicine,2021,10.1186/s13073-021-00954-3,by,0,0,0,0,0,0,0,0,Correction to: Identification of TBX15 as an adipose master trans regulator of abdominal obesity genes
PMC8764818,Genome Medicine,2022,10.1186/s13073-021-01004-8,by,1,1,0,220,339,68,1,1,ClinGen Variant Curation Interface: a variant classification platform for the application of evidence criteria from ACMG
PMC9195360,Genome Medicine,2022,10.1186/s13073-022-01067-1,by,1,1,1,329,405,1110,1,1,Mendelian randomization analysis of 37 clinical factors and coronary artery disease in East Asian and European populatio
PMC6249768,Genome Medicine,2018,10.1186/s13073-018-0598-2,by,0,0,1,51,0,290,0,0,Acquired mechanisms of immune escape in cancer following immunotherapy
PMC7874449,Genome Medicine,2021,10.1186/s13073-021-00840-y,by,1,1,1,212,1755,233,0,0,Guild-based analysis for understanding gut microbiome in human health and diseases
PMC7871948,Genome Medicine,2021,10.1186/s13073-021-00839-5,by,1,1,1,119,372,607,1,1,CoronaHiT: high-throughput sequencing of SARS-CoV-2 genomes
PMC7189689,Genome Medicine,2020,10.1186/s13073-020-00736-3,by,1,1,1,210,497,2131,1,1,Exploratory analysis of age and sex dependent DNA methylation patterns on the X-chromosome in whole blood samples
PMC8511862,Genome Medicine,2021,10.1186/s13073-021-00973-0,by,1,1,1,301,318,1030,1,0,Lethal variants in humans: lessons learned from a large molecular autopsy cohort
PMC6054719,Genome Medicine,2018,10.1186/s13073-018-0562-1,by,1,1,1,317,491,628,1,0,Epigenomic profiling of non-small cell lung cancer xenografts uncover LRP12 DNA methylation as predictive biomarker for 
PMC9074288,Genome Medicine,2022,10.1186/s13073-022-01048-4,by,1,1,1,346,1749,1195,1,0,A dynamic single cell-based framework for digital twins to prioritize disease genes and drug targets
PMC8513181,Genome Medicine,2021,10.1186/s13073-021-00979-8,by,1,1,1,265,384,755,1,1,Intra-patient stability of tumor mutational burden from tissue biopsies at different time points in advanced cancers
PMC8351082,Genome Medicine,2021,10.1186/s13073-021-00932-9,by,1,1,1,350,1032,1200,1,1,Genome-wide sequencing as a first-tier screening test for short tandem repeat expansions
PMC6064051,Genome Medicine,2018,10.1186/s13073-018-0564-z,by,1,1,1,262,488,899,1,1,Integrative omics analyses broaden treatment targets in human cancer
PMC7029532,Genome Medicine,2020,10.1186/s13073-020-0713-z,by,1,1,1,251,1963,210,0,0,Towards a European health research and innovation cloud (HRIC)
PMC7189550,Genome Medicine,2020,10.1186/s13073-020-00730-9,by,1,1,1,318,428,815,1,1,Centromeric cohesion failure invokes a conserved choreography of chromosomal mis-segregations in pancreatic neuroendocri
PMC6434874,Genome Medicine,2019,10.1186/s13073-019-0630-1,by,0,0,0,0,0,0,0,0,"Correction to: De novo and inherited TCF20 pathogenic variants are associated with intellectual disability, dysmorphic f"
PMC6857288,Genome Medicine,2019,10.1186/s13073-019-0685-z,by,1,1,1,255,453,1025,1,0,Novel risk genes and mechanisms implicated by exome sequencing of 2572 individuals with pulmonary arterial hypertension
PMC6161392,Genome Medicine,2018,10.1186/s13073-018-0580-z,by,1,1,1,282,598,913,1,0,T cell dynamics and response of the microbiota after gene therapy to treat X-linked severe combined immunodeficiency
PMC6540540,Genome Medicine,2019,10.1186/s13073-019-0643-9,by,1,1,1,124,1024,1016,1,1,Associating somatic mutations to clinical outcomes: a pan-cancer study of survival time
PMC7386241,Genome Medicine,2020,10.1186/s13073-020-00758-x,by,1,1,1,230,946,959,1,1,High-resolution temporal profiling of the human gut microbiome reveals consistent and cascading alterations in response 
PMC7995589,Genome Medicine,2021,10.1186/s13073-021-00854-6,by,1,1,1,228,350,525,1,1,OncoGEMINI: software for investigating tumor variants from multiple biopsies with integrated cancer annotations
PMC6148788,Genome Medicine,2018,10.1186/s13073-018-0581-y,by,1,1,1,308,848,1032,1,1,Single-cell transcriptomics reveal that PD-1 mediates immune tolerance by regulating proliferation of regulatory T cells
PMC6572765,Genome Medicine,2019,10.1186/s13073-019-0649-3,by,1,1,1,239,495,1344,1,1,Exome sequencing in routine diagnostics: a generic test for 254 patients with primary immunodeficiencies
PMC8201469,Genome Medicine,2021,10.1186/s13073-021-00910-1,by,1,1,1,361,803,2290,1,1,Landscape and selection of vaccine epitopes in SARS-CoV-2
PMC9204949,Genome Medicine,2022,10.1186/s13073-022-01069-z,by,1,1,1,268,410,1124,1,0,Reanalysis of exome negative patients with rare disease: a pragmatic workflow for diagnostic applications
PMC7590248,Genome Medicine,2020,10.1186/s13073-020-00790-x,by,1,1,1,281,356,2216,1,1,The landscape of host genetic factors involved in immune response to common viral infections
PMC7060619,Genome Medicine,2020,10.1186/s13073-020-00726-5,by,1,1,1,222,390,660,1,0,Phylogenetically informative mutations in genes implicated in antibiotic resistance in Mycobacterium tuberculosis comple
PMC7315560,Genome Medicine,2020,10.1186/s13073-020-00752-3,by,1,1,1,316,778,1157,1,1,A comparison of epigenetic mitotic-like clocks for cancer risk prediction
PMC8383430,Genome Medicine,2021,10.1186/s13073-021-00949-0,by,1,1,1,318,925,1020,1,0,Developmental dynamics of voltage-gated sodium channel isoform expression in the human and mouse brain
PMC8365948,Genome Medicine,2021,10.1186/s13073-021-00946-3,by,1,1,1,248,669,719,1,0,Characterizing DNA methylation signatures and their potential functional roles in Merkel cell carcinoma
PMC6385380,Genome Medicine,2019,10.1186/s13073-019-0622-1,by,0,0,0,50,0,54,0,1,Translating genomic medicine to the clinic: challenges and opportunities
PMC8555066,Genome Medicine,2021,10.1186/s13073-021-00989-6,by,1,1,1,292,379,886,1,0,Novel temporal and spatial patterns of metastatic colonization from breast cancer rapid-autopsy tumor biopsies
PMC5899382,Genome Medicine,2018,10.1186/s13073-018-0540-7,by,0,0,0,49,0,0,0,1,New additions to the cancer precision medicine toolkit
PMC8981716,Genome Medicine,2022,10.1186/s13073-022-01019-9,by,1,1,1,272,731,749,1,0,Clinical implementation of RNA sequencing for Mendelian disease diagnostics
PMC8281718,Genome Medicine,2021,10.1186/s13073-021-00929-4,by,1,1,1,275,289,805,1,1,Haplotype-resolved germline and somatic alterations in renal medullary carcinomas
PMC6865009,Genome Medicine,2019,10.1186/s13073-019-0684-0,by,1,1,1,262,1149,415,0,1,Neoantigens and genome instability: impact on immunogenomic phenotypes and immunotherapy response
PMC6883603,Genome Medicine,2019,10.1186/s13073-019-0687-x,by,1,1,1,171,403,546,0,0,Standard operating procedure for curation and clinical interpretation of variants in cancer
PMC9185135,Genome Medicine,2022,10.1186/s13073-022-01066-2,by,1,1,1,371,466,993,1,1,Neutralising reactivity against SARS-CoV-2 Delta and Omicron variants by vaccination and infection history
PMC7874477,Genome Medicine,2021,10.1186/s13073-021-00833-x,by,1,1,1,232,468,602,1,0,5′-tRF-GlyGCC: a tRNA-derived small RNA as a novel biomarker for colorectal cancer diagnosis
PMC6391825,Genome Medicine,2019,10.1186/s13073-019-0619-9,by,1,1,1,329,667,1906,1,1,"Predispositional genome sequencing in healthy adults: design, participant characteristics, and early outcomes of the Peo"
PMC6138910,Genome Medicine,2018,10.1186/s13073-018-0579-5,by,1,1,1,270,413,1100,1,0,Exome-wide analysis of bi-allelic alterations identifies a Lynch phenotype in The Cancer Genome Atlas
PMC5824555,Genome Medicine,2018,10.1186/s13073-018-0524-7,by,0,0,1,39,0,179,0,1,Calcitonin gene-related peptide (receptor) antibodies: an exciting avenue for migraine treatment
PMC8638136,Cancer Cell International,2021,10.1186/s12935-021-02308-w,by,1,1,1,329,344,759,1,1,Identification of key genes as predictive biomarkers for osteosarcoma metastasis using translational bioinformatics
PMC8106840,Cancer Cell International,2021,10.1186/s12935-021-01941-9,by,1,1,1,159,696,407,0,0,Exosomal microRNAs in hepatocellular carcinoma
PMC7791871,Cancer Cell International,2021,10.1186/s12935-020-01688-9,by,1,1,1,206,594,765,1,1,YAP manipulates proliferation via PTEN/AKT/mTOR-mediated autophagy in lung adenocarcinomas
PMC8091726,Cancer Cell International,2021,10.1186/s12935-021-01918-8,by,1,1,1,206,703,1717,1,1,iRFP (near-infrared fluorescent protein) imaging of subcutaneous and deep tissue tumours in mice highlights differences 
PMC8933915,Cancer Cell International,2022,10.1186/s12935-022-02542-w,by,1,1,1,367,840,1141,1,0,"Microarray analysis of breast cancer gene expression profiling in response to 2-deoxyglucose, metformin, and glucose sta"
PMC8670189,Cancer Cell International,2021,10.1186/s12935-021-02380-2,by,1,1,1,294,431,1369,1,1,ITGB1-DT/ARNTL2 axis may be a novel biomarker in lung adenocarcinoma: a bioinformatics analysis and experimental validat
PMC7786942,Cancer Cell International,2021,10.1186/s12935-020-01691-0,by,1,1,1,180,353,436,1,0,HCG11 up-regulation induced by ELK4 suppressed proliferation in vestibular schwannoma by targeting miR-620/ELK4
PMC8454127,Cancer Cell International,2021,10.1186/s12935-021-02207-0,by,1,1,1,251,425,269,1,0,Mechanistic study of lncRNA UCA1 promoting growth and cisplatin resistance in lung adenocarcinoma
PMC7986463,Cancer Cell International,2021,10.1186/s12935-021-01875-2,by,1,1,1,235,330,687,1,0,"LINC00514 upregulates CCDC71L to promote cell proliferation, migration and invasion in triple‐negative breast cancer by "
PMC8606078,Cancer Cell International,2021,10.1186/s12935-021-02309-9,by,1,1,1,219,845,195,0,0,Cytotoxicity of synthetic derivatives against breast cancer and multi-drug resistant breast cancer cell lines: a literat
PMC8011228,Cancer Cell International,2021,10.1186/s12935-021-01887-y,by,1,1,1,358,446,449,1,1,Elevation of miR-302b prevents multiple myeloma cell growth and bone destruction by blocking DKK1 secretion
PMC8944087,Cancer Cell International,2022,10.1186/s12935-022-02539-5,by,1,1,1,143,588,386,0,0,The molecular mechanism of METTL3 promoting the malignant progression of lung cancer
PMC8254931,Cancer Cell International,2021,10.1186/s12935-021-02050-3,by,1,1,1,364,564,1144,1,0,Constructe a novel 5 hypoxia genes signature for cervical cancer
PMC8740351,Cancer Cell International,2022,10.1186/s12935-021-02425-6,by,1,1,1,251,550,930,1,1,PHD finger protein 20-like protein 1 (PHF20L1) in ovarian cancer: from its overexpression in tissue to its upregulation 
PMC7881621,Cancer Cell International,2021,10.1186/s12935-021-01789-z,by,1,1,1,347,327,859,1,1,Construction of a competitive endogenous RNA network and analysis of potential regulatory axis targets in glioblastoma
PMC8186192,Cancer Cell International,2021,10.1186/s12935-021-02000-z,by,1,1,1,271,436,989,1,1,"An immune-related model based on INHBA, JAG2 and CCL19 to predict the prognoses of colon cancer patients"
PMC8697470,Cancer Cell International,2021,10.1186/s12935-021-02403-y,by,1,1,1,149,352,424,1,0,miR-378d suppresses malignant phenotype of ESCC cells through AKT signaling
PMC8840771,Cancer Cell International,2022,10.1186/s12935-022-02456-7,by,1,1,1,291,640,1457,1,1,Comprehensive analysis of N6-methyladenosine regulators with the tumor immune landscape and correlation between the insu
PMC7842018,Cancer Cell International,2021,10.1186/s12935-020-01734-6,by,1,1,1,267,348,995,1,1,Co-expression of CMTM6 and PD-L1: a novel prognostic indicator of gastric cancer
PMC8787928,Cancer Cell International,2022,10.1186/s12935-022-02469-2,by,1,1,1,293,429,573,1,1,A novel prognostic model based on single-cell RNA sequencing data for hepatocellular carcinoma
PMC8082649,Cancer Cell International,2021,10.1186/s12935-021-01937-5,by,1,1,1,251,398,500,1,1,miR-190 promotes malignant transformation and progression of human urothelial cells through CDKN1B/p27 inhibition
PMC8680243,Cancer Cell International,2021,10.1186/s12935-021-02382-0,by,1,1,0,160,1288,102,0,1,The value of cell-free circulating tumour DNA profiling in advanced non-small cell lung cancer (NSCLC) management
PMC8897942,Cancer Cell International,2022,10.1186/s12935-022-02523-z,by,1,1,0,152,386,98,0,1,MUC1 is a potential target to overcome trastuzumab resistance in breast cancer therapy
PMC7953640,Cancer Cell International,2021,10.1186/s12935-021-01863-6,by,1,1,1,367,382,983,1,1,Identification of four key prognostic genes and three potential drugs in human papillomavirus negative head and neck squ
PMC8035785,Cancer Cell International,2021,10.1186/s12935-021-01819-w,by,1,1,1,171,342,642,1,0,LINC00221 silencing prevents the progression of hepatocellular carcinoma through let-7a-5p-targeted inhibition of MMP11
PMC8033742,Cancer Cell International,2021,10.1186/s12935-021-01856-5,by,1,1,1,314,668,782,1,1,Combating drug resistance in acute myeloid leukaemia by drug rotations: the effects of quizartinib and pexidartinib
PMC8684162,Cancer Cell International,2021,10.1186/s12935-021-02381-1,by,1,1,1,275,280,1006,1,0,"M2 macrophages secrete CXCL13 to promote renal cell carcinoma migration, invasion, and EMT"
PMC8254369,Cancer Cell International,2021,10.1186/s12935-021-02056-x,by,1,1,1,296,367,1113,1,1,SHP2 inhibition enhances the anticancer effect of Osimertinib in EGFR T790M mutant lung adenocarcinoma by blocking CXCL8
PMC9118687,Cancer Cell International,2022,10.1186/s12935-022-02613-y,by,1,1,1,341,456,608,1,1,G-CSF upregulates the expression of aquaporin-9 through CEBPB to enhance the cytotoxic activity of arsenic trioxide to a
PMC8287669,Cancer Cell International,2021,10.1186/s12935-021-02087-4,by,1,1,1,217,702,1105,1,1,METTL7B is a novel prognostic biomarker of lower-grade glioma based on pan-cancer analysis
PMC8662868,Cancer Cell International,2021,10.1186/s12935-021-02355-3,by,1,1,1,223,514,633,1,1,Prodigiosin inhibits cholangiocarcinoma cell proliferation and induces apoptosis via suppressing SNAREs-dependent autoph
PMC7716475,Cancer Cell International,2020,10.1186/s12935-020-01655-4,by,1,1,1,249,476,673,1,1,Long noncoding RNA NEAT1 regulates radio-sensitivity via microRNA-27b-3p in gastric cancer
PMC8812018,Cancer Cell International,2022,10.1186/s12935-022-02478-1,by,1,1,1,318,566,875,1,0,DDX10 promotes the proliferation and metastasis of colorectal cancer cells via splicing RPL35
PMC7938604,Cancer Cell International,2021,10.1186/s12935-021-01850-x,by,1,1,1,319,324,881,1,1,CDCA8 as an independent predictor for a poor prognosis in liver cancer
PMC8447786,Cancer Cell International,2021,10.1186/s12935-021-02198-y,by,1,1,1,271,271,1200,1,1,Primary breast double-hit lymphoma management and outcomes: a real-world multicentre experience
PMC8108323,Cancer Cell International,2021,10.1186/s12935-021-01958-0,by,0,0,0,0,0,0,0,0,Retraction Note to: miR-484 suppresses proliferation and epithelial–mesenchymal transition by targeting ZEB1 and SMAD2 i
PMC9109300,Cancer Cell International,2022,10.1186/s12935-022-02581-3,by,1,1,1,239,398,761,1,1,Silencing of histone deacetylase 3 suppresses the development of esophageal squamous cell carcinoma through regulation o
PMC8268297,Cancer Cell International,2021,10.1186/s12935-021-02076-7,by,0,1,1,407,704,726,0,0,Identification and validation of lncRNAs involved in m6A regulation for patients with ovarian cancer
PMC7885429,Cancer Cell International,2021,10.1186/s12935-021-01815-0,by,1,1,1,265,435,719,1,1,Vγ9Vδ2 T cells strengthen cisplatin inhibition activity against breast cancer MDA-MB-231 cells by disrupting mitochondri
PMC8588629,Cancer Cell International,2021,10.1186/s12935-021-02281-4,by,1,1,1,296,375,1410,1,1,Impact of cumulative cisplatin dose in childhood nasopharyngeal carcinoma based on neoadjuvant chemotherapy response in 
PMC7670614,Cancer Cell International,2020,10.1186/s12935-020-01622-z,by,1,1,1,260,367,949,1,0,EZH2 promotes the expression of LPA1 by mediating microRNA-139 promoter methylation to accelerate the development of ova
PMC8507136,Cancer Cell International,2021,10.1186/s12935-021-02224-z,by,1,1,1,227,711,830,1,0,Systematical analysis reveals a strong cancer relevance of CREB1-regulated genes
PMC8513360,Cancer Cell International,2021,10.1186/s12935-021-02241-y,by,1,1,1,279,440,468,1,0,Circular RNA hsa_circ_0002483 promotes growth and invasion of lung adenocarcinoma by sponging miR-125a-3p
PMC8862507,Cancer Cell International,2022,10.1186/s12935-022-02507-z,by,1,1,1,297,390,776,1,0,A novel qualitative signature based on lncRNA pairs for prognosis prediction in hepatocellular carcinoma
PMC8447721,Cancer Cell International,2021,10.1186/s12935-021-02196-0,by,1,1,1,161,437,168,0,1,The effective function of circular RNA in colorectal cancer
PMC8139082,Cancer Cell International,2021,10.1186/s12935-021-01884-1,by,1,1,1,255,554,715,1,1,Circ_0000745 strengthens the expression of CCND1 by functioning as miR-488 sponge and interacting with HuR binding prote
PMC8404318,Cancer Cell International,2021,10.1186/s12935-021-02154-w,by,1,1,1,291,702,944,1,0,Study of cellular heterogeneity and differential dynamics of autophagy in human embryonic kidney development by single-c
PMC7796595,Cancer Cell International,2021,10.1186/s12935-020-01685-y,by,1,1,1,295,604,489,1,0,"LncRNA CBR3-AS1 potentiates Wnt/β-catenin signaling to regulate lung adenocarcinoma cells proliferation, migration and i"
PMC7788978,Cancer Cell International,2021,10.1186/s12935-020-01695-w,by,1,1,1,245,396,531,1,1,Circular RNA hsa_circ_0061395 accelerates hepatocellular carcinoma progression via regulation of the miR-877-5p/PIK3R3 a
PMC8444588,Cancer Cell International,2021,10.1186/s12935-021-02186-2,by,1,1,1,250,278,826,1,1,Mechanisms involved in the anti-tumor effects of Toosendanin in glioma cells
PMC7664090,Cancer Cell International,2020,10.1186/s12935-020-01578-0,by,1,1,1,258,324,505,1,1,microRNA-365 inhibits YAP through TLR4-mediated IRF3 phosphorylation and thereby alleviates gastric precancerous lesions
PMC8991836,Cancer Cell International,2022,10.1186/s12935-022-02556-4,by,1,1,1,284,190,608,1,0,Pharmacological targeting transient receptor potential canonical channel 6 modulates biological behaviors for cervical c
PMC9020011,Cancer Cell International,2022,10.1186/s12935-022-02580-4,by,1,1,1,181,300,194,0,1,Technique integration of single-cell RNA sequencing with spatially resolved transcriptomics in the tumor microenvironmen
PMC8935717,Cancer Cell International,2022,10.1186/s12935-022-02524-y,by,1,1,1,161,2691,234,0,1,The emerging role of deubiquitylating enzymes as therapeutic targets in cancer metabolism
PMC8524913,Cancer Cell International,2021,10.1186/s12935-021-02236-9,by,0,0,0,0,0,0,0,0,Correction to: EZH2 promotes the expression of LPA1 by mediating microRNA-139 promoter methylation to accelerate the dev
